0,1,2,3,4,5
1.1234893001153807,1.1595341525389171,-0.9817730303667773,0.3599246934613493,100,0
1.449835040119011,1.0746714116585288,-0.9010212043913662,-0.1282113485412918,100,0
1.2097804381191537,-0.7641120636396769,0.11394611102312267,0.6260574387657416,100,0
1.0652321897609514,1.3053170081880627,-1.2605717779773238,-1.1535706518308186,100,0
1.387164512313489,1.3306720280219866,-1.248853847394141,-0.9458828578568251,100,0
1.1127558688743224,0.19754087653127164,-0.1628656831407102,0.8461805333930521,100,0
0.5834988481392339,-1.4740015686140444,1.6283381121232203,0.2853080808405005,100,0
0.9757633911923914,0.6648049635243718,-0.5061431543140148,0.28033107535860463,100,0
0.27720767703337046,1.1785589258102778,-0.8442610307562262,0.1870615117577808,100,0
1.253526231894389,-0.7757345324628783,0.22288118110867888,0.9898164307304724,100,0
0.5153909900339646,0.9887536296843793,-0.29601009044298415,-0.921021873952089,100,0
-0.7119274421056222,1.5299726939917304,0.25798865692706807,-0.8370619553879324,100,0
1.4959464256480322,-0.8919422039030575,0.47646090420324516,1.2851620342981669,100,0
0.788175495851129,0.20633855790988823,-0.2456090941559509,0.8567500580782763,100,0
0.1285108162711407,0.16936106925276284,0.6742994041481657,0.8642083532496971,100,0
0.3560136590400894,-1.1454753854504627,1.6003632897032902,-0.439093864874209,100,0
1.8879285099843197,1.027500864692329,-0.9383055289742203,0.3406466113580444,100,0
-0.038969549162941486,-1.073290154487036,0.7270764077036467,0.09938446736028539,100,0
1.2345661905244927,1.4141223751800829,-1.2171042765847668,-1.3568825279415029,100,0
0.17521889583954953,1.1968689938245745,-0.7214311813230226,-0.22332745330641324,100,0
0.09396258446398366,-1.2507582765326692,1.5989738117685255,-0.8059496602498973,100,0
0.24843219525224328,-0.9518072775780538,0.9600223834669566,0.26914122825099906,100,0
-0.29012477873578857,1.1127039414094146,0.16910838503328313,-1.2238257726912043,100,0
2.162125309385834,1.3556696952273788,-1.353226798260553,-0.9763219348620434,100,0
-0.24280235145818754,-0.3454428290893531,0.8046555923946783,0.6490622641042827,100,0
0.37031313158163126,0.3021090623564146,0.4344060387110321,0.8101152762778644,100,0
1.3619197644932362,0.9810109893995234,-0.8845327328988245,0.11244489913693197,100,0
-0.49595597645288964,1.286309251708537,0.06908913169580076,-1.7635543671723584,100,0
0.7059800092419705,0.781012634964551,-0.5186438241337816,0.2424000422753247,100,0
0.7938952848677456,0.7091677398378213,-0.43967052991486927,0.24177971985294344,100,0
1.126066735906819,-0.17677409010151998,0.045282743080164764,0.9481538457110078,100,0
1.457602654832935,0.22817110183399858,-0.8192504279304609,0.7174612263984731,100,0
1.3175031312654348,1.1690465391745972,-1.0315858143280936,0.2877941792309741,100,0
-0.22800504542816252,1.253909280054986,-1.1895231395796864,-2.7000007899205762,100,0
-0.1576346576934253,1.2662294373434162,-0.42716986009510244,-0.3694638751371534,100,0
0.18530620276576798,0.6785375145350945,0.20641586758171662,0.606781761012911,100,0
-0.4330347665361451,1.3127193126362218,-1.2085821452515428,-3.0332918526743966,100,0
0.580709568310143,0.8123405487325067,-0.21961659358961838,-0.4894890508164978,100,0
-0.4330347665361451,1.3127193126362218,-1.2085821452515428,-3.0332918526743966,100,0
1.2253862822262191,0.7169103801226775,-0.8998169901812367,0.24675191663389065,100,0
1.3714527461875974,-1.1461730739156915,0.46395560279036246,0.2971182503704873,100,0
1.7026708990572343,0.3626888412884746,-0.6922753026585423,1.0606918740132392,100,0
0.9552851342193194,0.6760700797190414,-0.4507817217998714,-0.14374345260556592,100,0
0.7447827754719814,0.7313576363904636,-0.6004076532050131,-0.020015577195729068,100,0
1.54890743506115,-0.1785353280564268,0.04745959184462955,1.1459020548240557,100,0
0.7499023397152493,0.8380529211949627,-0.4751902175205721,0.7603692649636489,100,0
1.8950958999248952,0.537332175889523,-0.8500273641855,0.7858649973936123,100,0
0.9526370837486635,-1.0144801219058004,0.7266827222887967,1.0507522891522936,100,0
0.8644746567456271,-0.23909979187583547,0.7314532631981556,0.45754613142073913,100,0
0.020152591011902112,0.6253600400511934,0.08020495517391875,0.34810971523041384,100,0
1.348397053423087,1.607092794587263,-1.2798160473738156,-1.5148483541060247,100,0
0.47817705408634736,-0.5053036766234686,0.026223737408308356,0.44946270512598835,100,0
0.7404399727001058,0.12710837512683446,0.15322202064580617,0.6714515757213911,100,0
1.4708429071862146,-1.0088475638084655,0.30719933378331965,0.7286558822070273,100,0
0.7004720642630063,1.3070867545388871,-1.0446700648804617,-0.7593533480570748,100,0
0.19818985098899902,1.0095311325147291,-0.39700892572447566,-0.7046303312609635,100,0
1.2404625162391532,-0.7158694587878819,0.21931485440944934,0.8070040467640609,100,0
1.305569250477679,-0.2313537482326125,-0.0785428988729536,1.4537070025498102,100,0
1.51063427892527,1.3891247079746907,-1.2460748915246116,-1.2804241828573053,100,0
1.3154906129077364,-0.9021522790039666,0.5119852234020639,1.0980073933750867,100,0
0.6591977842603833,0.2866237817867026,-0.1983830549498551,0.7765361175531503,100,0
1.1841826169028136,1.0436838337272696,-0.9216549517226227,-0.32532000042816384,100,0
-0.13783892690232982,0.730302595296703,0.08120074769383348,0.22809896565391558,100,0
-0.06751553323661186,0.9855885064030976,-0.10274297290343959,0.15472780657877794,100,0
0.8345693400970201,1.231021695037115,-1.11134184778359,0.08322723217268137,100,0
1.4224012372430164,0.07464560589999707,-0.10988488948813041,0.9742699005633523,100,0
1.6166975271099404,1.1479116837157157,-1.0119247015511723,-0.04112577436048546,100,0
0.5037748753026876,1.0081187387924369,-0.3868888947662724,-0.8501416219683737,100,0
1.2675432457190607,0.14014323767232825,-0.14480941737844233,0.9195516924681897,100,0
-0.554633244148663,0.008790621499134007,1.413038506131423,1.0663180541232085,100,0
0.1541015760195591,0.8443831677575262,-0.13667402407039472,0.4923707436911643,100,0
1.29935515870654,-0.7908794771958934,0.14787253059696193,0.8990329655201222,100,0
0.3675591590921491,0.9845334653093369,-0.977210911147633,0.07760105206271208,100,0
1.279406511827599,0.2947237747000904,-0.16366000136008405,0.764721139322215,100,0
1.365273961756067,1.0813760276414588,-0.9760066969375036,-0.11450655083752054,100,0
0.7093342065048013,-1.3901938688274165,1.5124556523638404,0.6739376741118648,100,0
-0.3828347910804313,-1.098985510157657,1.6013359242576255,-0.7282410529190397,100,0
0.887883422906225,-0.13205736451790556,-0.1821122683337599,1.0047378297742626,100,0
0.608002141827703,-1.4859813900657777,1.556108417481033,0.5358952577179624,100,0
1.193539061899131,1.5444199502595164,-1.2605717779773238,-1.8431383678732058,100,0
1.033561506131907,-1.1975808020487682,0.5236799960196671,0.025378559759920413,100,0
1.4547074529850181,-0.7271515917743863,0.2800118821930894,1.3523395865513896,100,0
1.6500276557005955,-0.4000224872204456,-0.18608154363407117,1.1129143663160308,100,0
1.0239579097583285,-1.1003979038799494,0.5905602006130103,0.4606573609345426,100,0
1.0960201898997772,-0.10423490986792855,0.130805109964935,1.610999610581515,100,0
0.6616692980329955,1.4996998213175352,-1.1488577520222383,-1.7175350990933789,100,0
-0.8113529104438483,1.0267861594352654,-0.7170774837940931,-0.30916276524055974,100,0
0.9414446570926912,1.3084821314693444,-1.3167066865418195,-1.350054172594361,100,0
1.25433830070539,-1.0754002366745572,0.5322252853184704,0.5222135417787449,100,0
0.38076410410581973,0.6538801831663993,-0.30970154285284435,0.5620113125703069,100,0
0.9870264325275812,1.3264518636469445,-1.0744280506500066,-0.6728929049995985,100,0
1.3343447322588062,0.8447405203860581,-0.6281740539347287,0.940695550539587,100,0
0.7391689084741909,0.1806261854474324,-0.522017939718702,0.5159958914520865,100,0
1.220690406058256,0.9468582881869827,-0.7541765446523119,0.6422242913552431,100,0
0.5890774077974157,0.8412180444762444,-0.37121326786556813,0.8107355987002456,100,0
0.8676170099708054,-0.19473361220401889,0.19865794911261345,1.4723166752212469,100,0
1.067915547571216,1.5035626330640457,-1.1206745079120932,-1.4010264026504926,100,0
1.2822664063359073,1.4549796923755538,-1.297856102560178,-1.7132072682395567,100,0
-0.6696998639335633,1.2370116057629814,0.07186808756533025,-1.8891576359521853,100,0
-0.687459455756762,0.01197276157225067,1.3233477054423586,1.0034971849295005,100,0
0.9019004367308969,0.9102381521583892,-0.6130982183425312,0.7292762046294086,100,0
-0.9824522781878269,1.8887887666213419,0.43915342165481175,-2.282749808602599,100,0
1.1800516581685905,-0.8060244219289082,0.19073792488445435,0.4992087164402038,100,0
1.4932630678377676,-0.09227210520803017,-0.31882902340631397,1.4928498282721603,100,0
0.9992427720322069,-1.0539250453789786,0.5224989397751172,0.4314300765683946,100,0
1.6561358254529086,1.1602488577959806,-1.0012257214534839,-0.1505718079527081,100,0
0.5558532012255866,0.7299452426681713,-0.24382361500977817,0.8486666317835256,100,0
-0.0020027645925854024,0.6274871390305495,0.13914197757352342,0.3804434204094167,100,0
1.3137605532669079,1.5940579320417692,-1.16849570683358,-1.3879948230795383,100,0
1.7648118167686258,1.2958046215523826,-1.4760566476937567,-1.3102381287391938,100,0
1.621464017957121,1.0806613223843953,-0.939695006908985,0.07760105206271208,100,0
1.695538816456268,1.4782076132301218,-1.2851655374226598,-1.4831109278446597,100,0
0.5831104674035377,-0.15459100026561173,0.7223058667942877,1.1682625142354721,100,0
0.456215888849708,-0.37431692147472373,0.6387750849493471,0.09814382251552292,100,0
1.3183858147556538,0.25211372794563025,-0.6615215243690827,0.8654538067954083,100,0
1.229976236375356,-0.8676422251628941,0.46911982911457145,0.9773811300771559,100,0
0.02822031811250035,-0.8704670126074788,0.383805883920016,0.10125986073027515,100,0
1.2070970803088892,-0.18170385469607556,-0.07615762841827411,1.3927326745203998,100,0
0.46253590263967337,-0.34509058149837174,0.8685484194282773,1.1962491537568578,100,0
1.1256430478315143,-0.14789999771614937,-0.17219139587953958,0.8797548834168174,100,0
1.4494113520437062,1.0848814867594374,-0.891294858848013,-0.18851245843788544,100,0
-0.7765751809292344,1.71343072676323,0.2879550643868279,-1.0235914651876827,100,0
1.6345630409519654,-0.2788901562232613,-0.2846997400539991,1.1564811969111775,100,0
1.06611487325117,1.5757478640274722,-1.3051971776488516,-1.8742506630112408,100,0
0.722539151518472,-0.4845312788306693,0.9050685311470108,0.500454169985915,100,0
0.7001542982065276,-1.0937103046888539,1.0455447503517268,0.6782895484704308,100,0
1.238697149258716,-0.957082483046857,0.3359846849985293,0.5843962963565615,100,0
0.6439450135494054,-1.0785653599558391,0.5149494429962287,0.28033107535860463,100,0
1.6261245867854754,0.3478842323921566,-0.6629110023038473,0.9898164307304724,100,0
1.0981739376159105,1.1510938237888324,-1.0911017858671834,-0.0026080797614651792,100,0
-0.09395719986960104,1.0239783887825153,-0.2694201143647028,-1.2468113632259505,100,0
0.6924572981718211,1.2774945535380855,-1.1089565773289107,-1.037296262891454,100,0
1.325129516620924,-0.8711647010727077,0.2667192099505066,0.6795350020161418,100,0
0.23904044291631713,1.156726381886167,-0.5545595129508923,-0.29608309866011834,100,0
0.20616930974057548,0.8591707598620093,-0.7962545681101043,-0.7294913151656994,100,0
-0.7917926443006035,1.7067431275721348,0.1421061971676882,-1.9606630190592305,100,0
0.04626236865256909,-0.3193782090359159,-0.044014372194049634,0.30457173684095934,100,0
1.2765819246588994,-0.7334818383369499,0.1964811003481487,1.071271016100361,100,0
-0.7537313322023764,-0.13381009407689493,1.7130499502127112,1.0314790157499372,100,0
-0.5503963633956136,1.5102502322551412,0.15322202064580617,-2.1422395668818286,100,0
1.1098606670264053,-0.9613026474218993,0.46476613158564184,0.514755246607324,100,0
-0.08783137644748376,1.238423999485274,-1.1942936804890454,-2.2249492231993253,100,0
1.1364117864121814,0.6524848062359416,-0.728980678101911,0.4606573609345426,100,0
-0.2016092783366647,-0.6176315195253025,1.597769597558396,0.7442024123741475,100,0
0.4247570492583161,0.19788121236796857,-0.27874582710353213,0.504180913221151,100,0
-0.1968039494159145,-0.5838361709412937,1.5279251733708878,0.5613895475376411,100,0
-0.4008415342808913,1.1510938237888324,0.09488710535126627,-1.5067697365122226,100,0
0.8835759274739581,0.9458032470932222,-0.5579336285358127,0.14975080109688207,100,0
-0.597849427829767,1.5363199573461288,0.11552085268252275,-1.504269212018903,100,0
0.9952883499960276,-1.0743451955807968,0.5488990205356473,0.5023199459540073,100,0
0.4914173064396268,0.768335125047589,-0.34006070940883093,0.5986978538480655,100,0
1.4564022052862378,-0.9324421684699965,0.332603622023935,0.7081371552589599,100,0
0.17305102518757257,-0.9613026474218993,0.743541721230609,0.4326755301141057,100,0
1.245193699746725,1.4151774162738435,-1.2841697449027452,-1.6398264917625214,100,0
0.3595090856613552,-0.3295967925327424,0.6359961290798175,0.8592361564687498,100,0
1.5491545864384113,0.20703624637511703,-0.1727865555949305,0.9630800534557469,100,0
-0.8113529104438483,1.0267861594352654,-0.7170774837940931,-0.30916276524055974,100,0
1.3084291449859875,0.9197505387940693,-0.7752039773984184,0.1609454569054363,100,0
0.5211813937297988,0.7197351675672622,-0.2767635052499345,-0.3924494656718997,100,0
1.2646833512107523,-0.6880640209297396,0.23913807294542638,1.1234935084031525,100,0
-0.8930187869588757,1.5271649233389801,0.2149379989149404,-1.069610733266662,100,0
1.2580102640246995,-0.9267925935808269,0.49213884690050747,0.7037852809003939,100,0
-0.43303123580218417,1.3127193126362218,-1.2085821452515428,-3.0332918526743966,100,0
1.3191272688874371,1.4310200494720873,-1.2244453516734404,-1.4955654633017712,100,0
1.5422696552147057,0.06477586663578498,-0.3926436492127564,1.3218524225366843,100,0
1.7183120505039087,0.5813546163662756,-1.0010172997632691,0.3213733379556881,100,0
0.7488431195269871,1.2620092729683738,-1.163331480509371,-0.07719103147567315,100,0
0.5883359536656321,0.9789009072120021,-0.4422503272804158,-0.3128654649710524,100,0
1.359448250720624,1.2472216808638905,-1.398477463002725,-1.5055194742655629,100,0
1.086063520130111,1.418699892183657,-1.3218709128660286,-1.8189025150917995,100,0
0.7677325462176656,1.0475636622656153,-1.1944789442136807,-0.05358030981759693,100,0
0.08519577203913226,0.08063551662586362,0.8050492778095285,0.8393377519430638,100,0
1.9956865104702097,0.18978121945458076,-0.6388961919979966,1.274582892211045,100,0
0.31205602122720183,0.24578348138306666,-0.27696034795735947,0.5172413449977976,100,0
0.31311524141546426,-0.13944265217422974,0.978294018309113,0.3760915460508507,100,0
-0.21428814399016505,0.9827807357503475,-0.05235123980263812,-1.167852493648433,100,0
-0.941177998185204,1.8187136178454366,0.350064728070812,-1.1205829633227937,100,0
0.6990950780182652,0.7852327993395933,-0.5069374725333886,0.684507198797089,100,0
0.23272042912635174,-0.20635267766885335,1.05527109589508,0.2946321519800137,100,0
1.4853189164258,1.4771525721363612,-1.3934985004031515,-1.4476708018528022,100,0
0.3236368286188703,0.23169357774381222,0.6749015112532304,0.9531308511929037,100,0
0.04626236865256909,-0.3193782090359159,-0.044014372194049634,0.30457173684095934,100,0
-1.0901043566548905,1.4099022108050405,-0.6398919845179114,-2.0558272108338387,100,0
0.9470585240904819,-0.8489748045200655,0.1143397964379727,0.39474449703082576,100,0
-0.6279312811764178,-0.05105743538402753,1.3080634481599462,1.0706458849770308,100,0
-0.9800160717548234,1.7201183259543256,0.38241640598525123,-2.0427475442533973,100,0
0.6426033346442731,-0.3207936657807386,0.7649859973571449,0.4413792788312377,100,0
0.010393642344044978,-0.42291007223831656,1.378509979452519,0.7504200627008059,100,0
0.5673987012776462,0.030282829586547415,0.17228102631766265,0.5346517276526307,100,0
-0.6238709371214121,1.3010968438130202,0.23358016120636738,-1.9587876256892407,100,0
1.2184307363232962,-0.6813764217386443,0.27744134801377457,1.1060860109688888,100,0
1.2568804291572198,-0.1612803011358906,-0.060873371135861894,1.3871545814199173,100,0
0.9994899234094682,0.8644629821226473,-0.5737991507542684,0.6876184283108925,100,0
-0.6470678592443576,-0.04860701735980938,1.4140342986513377,0.9518853976471925,100,0
0.42405090246614124,0.2887338639742238,-0.0082816313050162,0.39971669381177294,100,0
0.8243655189500927,0.8517854722056851,-0.5787781133538419,0.6111341162415719,100,0
1.332438135919934,-0.7926492235467175,0.1341861729395292,0.8990329655201222,100,0
0.42638118688031834,-0.23311498618751933,0.7671628461216098,1.1639346833816495,100,0
0.5720239627663917,-0.48417903123968803,0.8753105453774658,0.4339161749588682,100,0
-0.02110403532091647,-0.19437285621712014,-0.1563073472886206,0.36117014700706046,100,0
1.45802634290824,-1.073290154487036,0.4040459458364224,0.5769346831814861,100,0
0.047678192970879746,1.4053246938014663,-0.7234227663628521,-1.5372088135174409,100,0
0.04725097416161396,1.2493317630514116,-0.5422580016351084,-0.32532000042816384,100,0
1.7114271192802035,0.2390788654001364,-0.64940990837105,1.135948043860264,100,0
1.307405232137334,-0.941239849848613,0.5548506176895563,1.3585428107752018,100,0
0.9369959323019894,-0.8116569800262431,0.18318842810556588,0.6820211004066155,100,0
0.6227606097841584,0.704947575462779,-0.20890140291602421,0.9835987804038141,100,0
1.1667054837964848,-0.17994431842035222,-0.1096880467807054,1.0594416117665792,100,0
1.1769799196226296,0.9112931932521497,-0.7210374959081726,0.11928287188597154,100,0
0.9589924048782376,0.17676337370092182,-0.19342261872274494,0.958723370396232,100,0
0.4843558385178778,0.979258259840534,-0.5583296297472208,-0.611341532856345,100,0
1.6059287885292732,0.9109358406236179,-1.092306000077313,0.01667481104278847,100,0
0.407597682208466,0.48556709512791435,-0.013052172214375204,0.614243422274996,100,0
-0.1608868520521264,1.3437068905674805,-0.29601009044298415,-0.20096699389499692,100,0
1.2039900344233196,1.3514495308523367,-1.2929002979261837,-1.5689462397788059,100,0
0.17305102518757257,-0.9613026474218993,0.743541721230609,0.4326755301141057,100,0
1.2012007545942287,1.3901797490684513,-1.320481434931264,-1.7890404822004242,100,0
1.7483939038505594,1.385602232064877,-1.213537949885537,-1.0428743559919362,100,0
1.4008637600816818,-0.32713191023546456,0.1411335626133529,1.11916567754933,100,0
0.7961902619423141,0.8415753971047762,-0.4249883797375218,0.7908371941745594,100,0
1.0562641255003302,0.750722745498521,-0.7835408450070067,0.4009621473574841,100,0
1.2754520897914194,-0.3433293435434649,-0.22656166746688416,0.82130512338547,100,0
0.32632018642913485,-1.1278630059013945,1.6178243957501672,-0.33089809352864613,100,0
0.16103240678475578,1.0081187387924369,-0.9678782510191299,-0.35575907743338214,100,0
-0.0811371048576657,-0.3936837322619646,1.4576870637685302,1.0122009336466324,100,0
1.2811012641288186,-0.8148221033075249,0.1776305163665069,0.8157077954811928,100,0
0.860590849388665,-1.0060227763638805,0.5080252112879844,0.4183744534926967,100,0
-0.0414057555959449,-0.46798244877127937,1.5414262673036856,0.9077367142372541,100,0
0.47139804488146825,-1.4099163305640057,1.555714732066183,0.1429128283478425,100,0
0.3185878790548197,-1.0676575963897013,1.5418199527185354,-0.2593927104216009,100,0
0.16117363614319075,1.4796200069524141,-0.6599236247441032,-1.3643360144119752,100,0
0.0005923248686573479,0.18661609617329902,0.6693435995141714,0.9189313700458085,100,0
0.7514205553184254,0.28274395324835716,-0.18945565921899157,0.37919796686370555,100,0
-0.9373648055074595,1.7204756785828574,-0.31347165964917273,-3.168849132418015,100,0
1.3047218743270692,0.7260824309216606,-0.8942590784421777,0.48055576546022877,100,0
0.5276426368781991,-0.3151596238191558,0.7836281596485719,0.4115316720427084,100,0
0.6026354262071737,0.7193778149387304,-0.4654661877737768,-0.49756766841029976,100,0
-0.13684890909970063,0.8848831323244652,-0.8073472336226428,-0.9402566777468557,100,0
0.2934137459137845,1.0521411792691895,-0.37716718081603506,-0.47765964648271625,100,0
0.2483615805730258,-0.17325331587088985,0.9316538756321762,0.300849802306672,100,0
-0.038969549162941486,-1.073290154487036,0.7270764077036467,0.09938446736028539,100,0
0.8940975146773642,0.8482629962958715,-0.3942322856515041,0.9176859165000972,100,0
0.43969205391281524,1.1736240561781717,-0.6243993055452844,-0.09152096030277428,100,0
-0.8322901628318341,1.6740028200818864,0.2578033932024328,-1.0006058746529365,100,0
0.20789936938140396,1.3468720138487622,-0.6486225375413499,-0.283628563203007,100,0
-0.05827913319496416,1.2535519274264542,-1.0926996854921631,-1.7548506184552266,100,0
0.4108459574524705,-1.1296327522522187,1.641237098950953,-0.44472004498417816,100,0
1.4745854851847413,1.416947162624668,-1.3085782406234459,-1.5527409175817153,100,0
1.2646833512107523,-0.7746794913691176,0.2462938843094648,0.7510403851231872,100,0
1.6206519491461198,-1.1609606660201746,0.47944828176298937,0.4606573609345426,100,0
0.40625600330333367,0.0753432943652258,0.4187280960137699,0.6633681494266404,100,0
0.5959270316815123,0.5686771064493137,-0.7478312620835528,0.009221324572316439,100,0
-0.038969549162941486,-1.073290154487036,0.7270764077036467,0.09938446736028539,100,0
1.8697805374254248,0.5834646985537968,-0.8549831688194942,0.6111341162415719,100,0
0.7881401885115203,0.6475499366038356,-0.16266652463672723,-0.1412429281122463,100,0
0.4026193473236329,-1.1162405370781932,1.5021271997154224,-0.16985469875696177,100,0
0.02822031811250035,-0.8704670126074788,0.383805883920016,0.10125986073027515,100,0
1.1635984379109152,1.3169394770112643,-1.2355611751515585,-1.0354208695214642,100,0
-0.7675718093290044,0.028155730607191422,1.4658155096869039,1.0246362342999489,100,0
1.2161357592487279,1.3912347901622117,-1.2417211939956823,-1.3879948230795383,100,0
1.4177053610750534,0.10985334820629819,-0.09283136363545105,1.0408030868894504,100,0
-0.21207437379669675,-1.4148512001961118,1.6037211947123051,-0.15682311918600736,100,0
1.3334973561081964,1.2947495804586218,-1.4730692701340125,-1.9432555216249665,100,0
1.0859222907716761,0.8457955614798186,-0.487690887340339,0.34935036007517634,100,0
0.21930364007502862,0.10246806054997407,0.25164337435830914,0.49299106611354554,100,0
0.5658098709952526,-0.10353722140269976,0.6449351037934709,1.0097148352561587,100,0
1.1015281348787413,-0.09261244104472714,-0.032690127025716956,1.370997346232313,100,0
0.9043366431639003,0.6739599975315201,-0.8482210428703058,0.25483534292864135,100,0
1.0687982310614348,-1.0081498753432367,0.661400417320433,1.316274329436202,100,0
1.2450877777278988,0.35212141355903376,-0.16822443637578624,0.736739308501778,100,0
0.20461578679779063,0.08133320509109243,0.8108156112388021,0.973649578140971,100,0
0.18521087294882438,0.6405049847842084,0.18101157934110115,0.514755246607324,100,0
1.6074470041324491,1.0232636835254518,-0.8762190232558155,0.2287192880762968,100,0
-0.5719691478965568,1.6433555779873246,-0.29561408923157617,-2.7043767077838856,100,0
1.2687083879261492,-0.2757216295836125,-0.1253636736814097,1.1434015303307359,100,0
0.0778906834740829,1.4525122575595009,-0.6565425617695089,-1.307785691255361,100,0
-0.8113529104438483,1.0267861594352654,-0.7170774837940931,-0.30916276524055974,100,0
1.2914110072945724,-0.235226770054224,0.05440698151845329,1.0153121631604358,100,0
1.0204977904766714,-0.15987301245114863,0.03437534129226152,0.7641008168998338,100,0
0.9424332626017362,0.21443855082327604,-0.14441110037047641,0.78337409030219,100,0
-0.5975316617732883,1.42116732699971,0.1728831334227274,-2.119831020460925,100,0
0.02822031811250035,-0.8704670126074788,0.383805883920016,0.10125986073027515,100,0
-0.038969549162941486,-1.073290154487036,0.7270764077036467,0.09938446736028539,100,0
0.15858207741590885,0.5943724621199346,0.14192093344305293,0.4817964103049912,100,0
-0.23168053948143286,1.0517838266406574,0.10482187258483419,-1.2934557624282597,100,0
0.8053701702405879,1.2303240065718863,-1.0984428609558572,0.10933366962312847,100,0
0.9764342306449576,1.1634139810772626,-1.0040046773230134,0.19887648998871624,100,0
0.7951663490936606,1.5253951769881562,-1.0958723267765424,-1.487486845707969,100,0
0.8037813399581943,-1.029965402475512,0.6389835066395617,0.6565253679766522,100,0
1.0398815199218725,0.2408486117509606,-0.12099839716969044,0.6957018546056433,100,0
0.4609823796968886,0.5021244335832219,0.1518325427110415,0.8760233314806325,100,0
0.8351695648703688,-0.2169167020399272,-0.020786932717898932,1.1583085032716804,100,0
1.2217496262465184,-0.020086874244603592,0.03912272423604106,1.0401827644670691,100,0
1.0872286623371996,0.7623452143217224,-0.7436628282792584,0.5651201377336361,100,0
0.9850139141698827,1.0017884922298732,-0.4192336252910378,-0.6467816588482027,100,0
1.0800259650570156,0.2232362322018926,-0.27914414411149807,0.4954771645040191,100,0
0.6401318208716611,1.380327026596074,-1.0669017118366975,-0.8650485949093181,100,0
1.3110771954566431,-0.984904937696834,0.33142256577938506,0.5663641486690626,100,0
0.10715693727577169,1.5856176032916842,-0.6517951788257293,-1.3836189052162287,100,0
0.5193454120701441,1.1944015590085215,-0.8732316456960713,0.21131179064203293,100,0
0.05253295216708221,1.5180098893318321,-0.6531846567604941,-1.506144605388893,100,0
0.9853316802263614,1.0186861665218776,-1.150247229957003,-0.009436435108607361,100,0
-0.8585941308403492,1.6680129093560199,0.2829992597528336,-1.930800986167855,100,0
0.8518699365053051,1.2179868324916212,-1.202630548097634,-1.0298427764209819,100,0
0.3779042095975115,-0.3084692542943497,1.1118228478400052,0.42894397817792096,100,0
1.7580328075637468,1.4113146045273328,-1.277430776919136,-1.2039177507636207,100,0
0.14915501774037393,0.14366571358214184,0.6620025244254977,0.8380922983973527,100,0
1.1906085527116053,1.4113146045273328,-1.2687002238956975,-1.619293338711608,100,0
0.682218169685285,0.9595357981039448,-0.3279567355394394,-0.26251836603825046,100,0
-1.0362253564119455,1.581737774753339,0.11651664520243749,-1.0907690174409055,100,0
1.4816822604460993,-0.7679918921780223,0.32505412524504657,1.151480147924538,100,0
-0.95056975052113,1.64723540652567,0.26810868788527137,-0.9993556124062766,100,0
-0.2832928085214964,1.0954489144888784,-0.776593455333183,-1.0279673830509921,100,0
0.5956092656250335,0.8553079481154988,-0.22794882960509094,-0.49381688167032023,100,0
0.15104042967548093,0.6317073034055919,0.05658383028291808,0.494231710958308,100,0
1.1805106535835042,1.395471971329089,-1.2317864267621141,-1.2219503793212145,100,0
0.2902360853489975,0.4387368839984118,-0.6404709336573967,-0.2674713280154029,100,0
0.7910000830198286,0.21830136256978658,-0.2527533265371996,0.8561249269549465,100,0
-0.2957810145411095,0.7021227880181943,-0.009485845515145667,0.01604967991945862,100,0
1.3960972692345013,-0.25424133325048354,0.1411335626133529,1.152105279047868,100,0
0.30552416339958405,-0.3415698072677416,1.17154724106931,0.2125524354867954,100,0
0.6259029630093367,-1.3088536038568415,1.4674134093118834,0.16467700884162104,100,0
0.5384819901380838,0.8655180232164078,-0.19798705373844713,0.8940559600382264,100,0
0.9345244185293772,-0.7549570296325285,0.1849715914551807,0.7236836854260802,100,0
0.053048439325369894,0.9486110177459721,-0.04558911385344966,-0.848266228598384,100,0
-0.10300647101132239,1.0369962345361743,-0.08289659640188313,-1.0316700827814846,100,0
-0.17710068854725433,0.7394576293038514,-0.07715342093818885,0.0310047398698897,100,0
1.3358276405223735,-0.12254497788222536,-0.1644543195794579,1.0370715349532658,100,0
0.5301141506508114,-0.23628351282716806,0.7445375137505237,1.0980073933750867,100,0
1.2587517181564831,-0.23698800800913078,-0.016224813498754667,1.3529647176747195,100,0
1.1782509838485444,1.3489820960362837,-1.2365569676714734,-1.1237086189394436,100,0
1.0723995797015267,-0.3412175596767602,0.25423706650320327,1.7527601145489458,100,0
1.187289662788383,-0.9736398215021643,0.6048486653755077,1.0333447917180296,100,0
1.3800677370521313,1.5750501755622437,-1.2778244623339863,-1.470704479397035,100,0
0.25146862645859536,-0.07923724266253636,0.8893905884497487,0.36551721266467774,100,0
-0.599226414074508,-0.044727188821463974,1.2912044492181338,0.779022215943624,100,0
-1.0322356270361575,1.754271027166866,0.32148779854581705,-1.2244509038145341,100,0
-0.5611297946366721,-0.09472252323224832,1.451735466614621,0.8760233314806325,100,0
1.5525440910408506,1.3887673553461588,-1.3329867363441465,-1.506144605388893,100,0
-0.19826214254175567,1.183476778650549,-0.11266384535765991,-1.4576248128165938,100,0
0.45985254482940874,-1.1334955639987294,1.5705821459681657,-0.4185607118232955,100,0
-0.6926496346792475,1.5296153413631983,0.3127572455223786,-1.3954483095500105,100,0
-0.614196726068616,1.4320921073576827,-1.015514186215981,-2.2448572451269087,100,0
1.053933841086153,-0.34016081690381617,-0.14560373559781617,0.7149751280079996,100,0
0.3988061546458884,0.7648126491377754,-0.37399222373509766,-0.5839800244582892,100,0
0.30686584230471636,0.5225445837850398,0.1318009024848497,0.6807756468609043,100,0
1.6728715044274538,1.0855961920165011,-1.0845480816082098,-0.17980870972075352,100,0
0.6317992887239972,1.3239844288308913,-1.0524048253839853,-0.7313667085356893,100,0
0.2733591770160173,1.1820814017200914,-0.8335388926929582,0.2181497633910725,100,0
-0.02110403532091647,-0.19437285621712014,-0.1563073472886206,0.36117014700706046,100,0
0.03598793282642427,0.7112778220253426,0.057973308217682824,0.3530819120113611,100,0
1.2755933191498543,0.6514297651421811,-0.787709278811301,0.5875056023899856,100,0
1.0579235704619414,-0.2024796558472419,0.15560729110048566,1.4847712106783584,100,0
0.1513228883923509,1.4278549261908056,-0.6769910453761302,-1.3525546970876807,100,0
1.0307722263028163,1.3528619245746287,-1.216502169479702,-1.2107461061107627,100,0
1.140648667165231,0.19435873645815502,-0.13449022791625612,0.722438231880369,100,0
0.9706438269491234,-0.8961623682780998,0.3107888184481285,0.4774445359464253,100,0
0.7107818074287598,0.18944088361788383,-0.28529489976939,0.547709755078803,100,0
1.2260571216787852,0.1908362605483414,-0.11663312065797118,0.8660741292177895,100,0
1.2346368052037102,1.4866649587720413,-1.1942936804890454,-1.4992681630322637,100,0
1.1484162818791548,-0.9887677494433444,0.6742994041481657,1.2248609244015731,100,0
1.8506086520178764,1.0113008788655533,-0.9534045225319971,0.12985239657119585,100,0
0.11710301484355519,1.231021695037115,-0.616062437936696,-0.14624397709888565,100,0
1.1074244605934018,1.3482844075710547,-1.25323070288865,-1.0907690174409055,100,0
0.7868691242856055,1.4232774091872311,-1.1286176901058316,-1.3519295659643507,100,0
0.5511926323972323,0.0021030223080386345,0.2818182035082835,0.8026521724054949,100,0
0.07152477014262618,0.21724632147602596,0.6625814735649831,0.8859725337434756,100,0
1.392954916009323,-0.8380670409539278,0.3728753241665333,1.1875454050397256,100,0
0.1857757903825643,1.1130612940379465,-0.6468393741917351,-0.13003865490179464,100,0
0.937490235056512,1.1708162855254216,-1.0034025702179488,0.10995399204550971,100,0
1.5876395866119433,0.9789009072120021,-0.874227438215986,0.16467700884162104,100,0
-0.8422115252618916,1.594415284670301,0.11017136263367845,-1.079564744230454,100,0
-1.1081110998553505,1.7606182905212644,-0.17497035174906908,-3.535704927793703,100,0
0.24984448883659308,0.2971912095161434,0.11730401603213753,0.36614234378800764,100,0
0.8949095834883654,1.2095465037415365,-1.0037962556327986,0.07577374570220922,100,0
1.4585912603419802,0.9116505458806815,-1.0911017858671834,-0.14374345260556592,100,0
0.15287641133513566,1.2662294373434162,-0.5132873866952635,-0.48198747733653874,100,0
-0.015529006396695638,0.8567203418377911,-0.08646292310111266,0.24986314614769414,100,0
1.20003561238714,0.7373475471163302,-0.8049851211335427,0.5589020065368828,100,0
0.8407834318681592,0.9289055728012179,-0.5212236214993282,-0.3283975690353265,100,0
1.1939980573140447,-0.2757216295836125,0.13457985835437922,1.5637300802558758,100,0
-0.02110403532091647,-0.19437285621712014,-0.1563073472886206,0.36117014700706046,100,0
1.076777689813011,0.8232653290904794,-0.6105276841632165,0.38852684670416743,100,0
-0.7830011167380261,-0.16973254164025975,1.3195729570529142,0.5881273674226514,100,0
0.17927217842663348,-0.41234604786724277,1.3334677364005616,0.24986314614769414,100,0
0.8426194135278138,1.284539505357713,-1.0966596976062426,0.06952243446891009,100,0
-0.15268569851514674,1.108483777034372,-0.2140609976471173,-1.259891029806392,100,0
0.18653136745019144,0.9084684058075649,-0.03528381917061112,-0.6063885708791925,100,0
1.1361646350349204,0.92361335054058,-0.857160017583959,0.024753428636590562,100,0
1.215853300531858,0.7743080189816208,-0.8948611855472425,0.10187056575075899,100,0
1.072646731078788,1.1841914839076124,-1.070074353121077,0.13109785011690706,100,0
0.2443012365180201,1.032776070161132,-0.0785428988729536,-0.7929180806789426,100,0
0.5269717974256329,0.7130475683761668,-0.2714047520148584,-0.41235748759948315,100,0
0.9263331157401484,-0.8820724646388455,0.856459961395824,0.9724041245952598,100,0
-0.8052447406915354,1.5278626118042091,0.3095846042379991,-0.9110678629882973,100,0
0.8363700144170659,1.6085051883095556,-1.1049965652148308,-1.5502884800978827,100,0
-0.19977329667700996,1.4412471413648311,-1.1913063029293012,-2.3673348582900857,100,0
1.0366332446778679,-1.0120126870897472,0.67964889419701,1.0893036446579547,100,0
-0.17215165875429653,-0.588056335316336,1.63111706799275,0.9382046434481648,100,0
0.04626236865256909,-0.3193782090359159,-0.044014372194049634,0.30457173684095934,100,0
1.2092155206854138,0.31550127753044027,-0.1686204375871942,0.7442024123741475,100,0
0.3037587964191468,0.123228546588489,0.13397775124931444,0.4836621862730836,100,0
0.552746155340017,-1.483156602621193,1.5515462982618886,0.4594119073888315,100,0
1.5852386875185487,-0.2679755859403896,-0.28350942062321727,0.736739308501778,100,0
0.7504319498093805,1.1539015944415822,-1.0250321100691198,-0.054205440940926886,100,0
0.5837813068561039,1.0982737019334632,-0.3263692569989707,-0.9987304812829467,100,0
1.4694306136018647,0.6422747311350326,-0.823418861734755,0.6677200237852063,100,0
1.6319502978209182,-0.376076457750447,-0.2281479881090739,1.0551041635108596,100,0
1.1077422266498804,0.09331302654282563,0.10621135051959894,0.9270147963405592,100,0
1.2370730116367137,0.110551036671527,0.020688983634828774,1.0090945128337774,100,0
0.7856686747389081,1.5148277492587152,-1.1188913445624784,-1.4296381732952081,100,0
1.9411366707746989,0.7341654070432136,-0.9315665609906113,0.39909637138939175,100,0
1.9202347257263215,0.6957925414556306,-0.9926804321546806,0.282196851326697,100,0
-1.0019772369914628,1.8299787340401064,0.35066683517587677,-2.208791988011721,100,0
0.46691401275115774,0.42816945626897096,0.16355047329422412,0.9375843210257835,100,0
1.3420417322935125,-0.738059355340524,0.04072062386102055,0.9189313700458085,100,0
0.9709615930056021,0.6637499224306113,-0.37458738345048853,0.43018943172363217,100,0
0.13204508096597606,1.243001516488848,-0.829370458888664,-1.4358413975190205,100,0
0.03141563234709178,-0.1510702260349816,0.6002865461563636,0.07077269671556989,100,0
0.5975158619639057,-0.6623516484672839,0.2605823490719623,0.5452222140780447,100,0
0.2948260394981343,1.1852465250013728,-0.6865089692292687,-0.28862961218964633,100,0
0.6247731281418568,0.9535458873780781,-0.6392898774128467,-1.0130123231005608,100,0
0.7390629864553646,0.9658660446665083,-0.4287584965338501,-0.6983790200276644,100,0
1.1244779056244256,-0.06655973274557435,-0.019003769368284164,1.5021787081126223,100,0
1.865331812634723,0.677125120812802,-0.8896969592230335,0.4569258089983579,100,0
1.030525074925555,1.447220035298863,-1.1954747367335956,-1.2039177507636207,100,0
0.7354969451548814,0.06549057189284861,0.2990708878649458,0.9568624031290883,100,0
-0.13920567401858433,0.8306506167468035,-0.08368396723158317,0.1261208446350111,100,0
0.5324444350649885,-1.1275056532728627,1.6430202623005679,-0.3228194759348441,100,0
0.8213643950833492,-0.2024796558472419,0.6292571610962086,0.4382728580183829,100,0
-0.19279656637032194,-0.4457976572561876,1.4648197171669892,0.883486435353002,100,0
0.0999012789861746,-0.32431495051512377,0.9814666595934926,-0.07473859399184034,100,0
1.2490421997640782,-0.25811605675127847,0.19092318860908972,1.6147503973214945,100,0
1.1394129102789248,0.4169043400743013,-0.2021531717461834,0.7373596309241592,100,0
0.8415955006791602,1.5313850877140227,-1.0603480075777236,-1.3382247682605795,100,0
-0.6571657583724586,1.6680129093560199,-0.34502137721559684,-2.840511031641347,100,0
1.2937412917087494,-1.1331382113701975,0.44392396256417066,0.3381605129675707,100,0
0.3570022645491343,1.1806690079977988,-0.8486378862507352,0.2610578019562484,100,0
1.0680920842692598,-0.9817398144155521,0.5887770372633956,0.7485542867327136,100,0
0.49914961381394196,0.7306599479252349,-0.09600400491983056,-0.40615426337567084,100,0
1.2471709107648148,-0.13874496370900097,-0.15572145075946145,1.0563640431594168,100,0
1.09256007061812,1.2778519061666176,-1.1726641406378744,-0.02434340804955153,100,0
1.14742767637011,1.3672921640505804,-1.2762265627090068,-1.5248023650698164,100,0
0.9277454093244982,-1.0658878500388769,0.5538548251696416,0.1820845062758849,100,0
0.6530896145080703,0.32007879453401444,-0.1854863839186803,0.38354984122227154,100,0
0.39817062253293106,1.0338311112548926,-0.3448229134505813,-0.46833076664225437,100,0
1.2713917457364137,-0.227480726411001,-0.0936187344651511,1.1067111420922184,100,0
1.3928843013301055,-1.1454753854504627,0.44788397467825025,0.5607677825049753,100,0
1.2728393466603725,1.586315291756913,-1.3409299185378851,-1.7045035195224245,100,0
-0.2742894369212664,-0.425726351286984,1.4436070206962472,0.9226629219819932,100,0
-1.0239030948884935,1.8511135894989879,-0.11921291802351774,-3.0998442738042895,100,0
1.2992845440273226,1.5440625976309847,-1.2331759046968789,-1.4352643534051774,100,0
0.399159228041976,1.0313636764388394,-0.26445967813759264,-0.4807853020993658,100,0
0.7774420646100706,0.9757357839307205,-0.3978032439438495,-0.22707824004639277,100,0
1.617721439958594,1.0591861310888164,-1.0383247823117026,-0.250063830581139,100,0
1.3783729847509112,0.2514160394804014,-0.1380635020051595,0.8872179872891869,100,0
1.2352723373166676,-0.15705503172329774,-0.14976985360555248,0.9002736103648846,100,0
0.6398140548151823,-1.190195514392444,0.662187788150133,-0.025593670296211336,100,0
1.7881146609103975,1.4489897816496873,-1.353620483675403,-1.3587579213114926,100,0
0.8517993218260876,1.2454519345130661,-1.176022045646889,-0.00443538612196803,100,0
0.7664614819917508,1.0475636622656153,-0.3862937350508815,-0.2718472458787123,100,0
-0.040650178528317746,1.3979223893533073,-0.6091382062284516,-1.4103552824909544,100,0
1.2204432546809947,-1.1303304407174477,0.45464610062743865,0.31639633247379223,100,0
0.6128039400144922,-0.45284090739663135,0.8499062571368503,0.24799737017960177,100,0
1.506785778907917,1.096503955582639,-0.9246191713167875,-0.14186805923557616,100,0
-0.8495907592401192,1.6937082650266408,-0.4253843809489297,-3.210492482633685,100,0
1.2765819246588994,-0.2468475371982419,0.005589990077051823,0.8890837632572791,100,0
0.6808058761009352,-1.4789364382461505,1.6184033448896524,0.35929956233801935,100,0
1.377066613185388,-1.2176606164138892,0.5669390757220096,0.23618239194866633,100,0
0.39050892983783336,1.1394713549656308,-0.23469706077493172,-0.4726585974960768,100,0
0.3488462690995142,1.111648900315654,-0.817860949995696,-0.37133926850714316,100,0
-0.2533627767351632,1.0781938875683421,-1.057383787983559,-0.6405784346243903,100,0
1.4813644943896207,-0.8271422605959551,0.2883487498016778,1.1576833721483502,100,0
0.38387114999138927,-1.2659032212656842,1.6729866697603275,-0.2531894861977886,100,0
0.18242865458765528,0.1056331838312558,0.7006763269431164,0.6789098708928119,100,0
-1.1407703889934397,-0.013382258261673335,1.2374316531427383,0.3829295187998903,100,0
0.9688431526290775,0.9155133576271922,-0.5797507479081773,-0.6710175116296087,100,0
0.07605117108046731,0.5665670242617924,-0.08449449602686261,0.372359994114666,100,0
1.8249755234619274,1.4377246654550175,-1.4433112843644675,-1.5185510538365172,100,0
0.23494479152170267,0.951435805190557,-0.23648253992110446,-0.8837063545902416,100,0
0.25288092004294516,0.7739676831449237,0.027427951618437776,0.9096024902053466,100,0
0.7479957433763772,0.13098820366517983,0.097063954115731,0.7684526912583997,100,0
0.8274372574960536,1.553217631638133,-1.1553882983156325,-1.5428349936274104,100,0
1.1735904150201901,0.1580959530580932,-0.1785413100414145,0.7392254068922517,100,0
0.2208924703574221,1.108841129662904,-0.6559636126300237,-0.21899962245259078,100,0
-0.6592135840697659,1.7063857749436029,-0.23529222049032267,-2.7901639327085452,100,0
1.8734171934051256,1.4172874984613646,-1.4399302213898733,-1.510472436242715,100,0
1.6405299813458434,0.24295869393848177,-0.6257887834800493,1.1129143663160308,100,0
-0.23856193997117728,1.2711643069755223,0.16176730994460942,-1.5310055892936287,100,0
1.1934331398803049,1.2155193976755683,-1.3466730940015794,-1.3643360144119752,100,0
-0.5573872166381452,-0.006694659070577963,1.2695749093669626,0.9120885885958202,100,0
1.583649857236155,-0.19790213884366767,-0.15254649367852402,1.1564811969111775,100,0
-0.22800504542816252,1.253909280054986,-1.1895231395796864,-2.7000007899205762,100,0
1.23802630980615,0.8507304311119246,-0.6892879250987981,0.3064471302109491,100,0
-0.2533557152672415,1.0781938875683421,-1.057383787983559,-0.6405784346243903,100,0
0.501232746850858,0.2306385366500516,-0.36863347050002154,0.44884238270360716,100,0
1.0673506301374762,-1.0722351133932755,0.4887577839259132,0.6490622641042827,100,0
1.0435181759015733,-0.11973720722947537,0.16394415870907414,1.578060009082977,100,0
1.6253125179744743,-0.40530279772679906,-0.21485300006993321,1.1067111420922184,100,0
1.1779332177920656,0.9063583236200438,-0.6835447496351038,0.7678323688360185,100,0
1.2905636311439626,-0.8201143255681628,0.21692958395476986,0.9375843210257835,100,0
0.49388882021223895,0.7165700442859804,-0.20493212761571292,0.82130512338547,100,0
0.5563475039801089,-0.24086102983074228,0.730457470678241,0.42334665027364393,100,0
1.0894177173929418,-0.19262012665813075,0.0603585786723623,0.8847318888987132,100,0
0.7624011379367451,0.2834586585054208,-0.15512629104407058,0.9649458294238391,100,0
0.5154262973735735,-0.14930898808007478,0.6471119525579354,0.9661864742686015,100,0
1.149087121331721,-0.987015019884355,0.6554488201665241,1.1315721259969547,100,0
1.408737296814432,-0.715171770322653,0.0631375345418918,1.0122009336466324,100,0
0.5144729992041374,-0.7433515776011619,0.31891726436650225,0.19141338611634676,100,0
0.604824481262916,-1.3644985131567955,1.540222053093556,0.40966589607461606,100,0
1.0100821252920915,0.8898180019565712,-0.638687770307782,0.6820211004066155,100,0
0.805617321617849,0.8845257796959334,-0.46784682663534044,0.7759157951307692,100,0
1.3158789936434327,-0.3908657515341137,-0.27735866496532535,0.7087574776813411,100,0
0.17748209630847012,0.6813623019796792,0.10283028754500474,0.4183744534926967,100,0
1.656806664905475,-0.32044141818975724,-0.25612744212212,1.111087059955528,100,0
-0.020147206417519485,0.8440428319208292,0.08814813736765721,0.28033107535860463,100,0
0.876938147627514,0.7137452568413957,-0.3575222786150195,0.2927663760119213,100,0
0.25506997509868734,1.4363122717327252,-0.6285677393495787,-1.3674616700286248,100,0
1.1790983599991542,0.123228546588489,-0.028336429496787382,0.8468008558154333,100,0
0.11936621531247571,0.7021227880181943,-0.05513019567216762,0.4053140217160501,100,0
-0.08075931632385212,1.2905294160835796,-0.3535536980536756,-0.3190686891948646,100,0
0.8888720284152699,-1.0968754279701358,1.0362352481888029,0.849907276628288,100,0
1.4844362329355816,-0.8891174164584728,0.2698918512348861,0.8405832054887749,100,0
1.0303132308879026,-1.047935134653112,1.0633995418134536,0.6627430183033104,100,0
0.7826322435325561,1.5063874205086305,-1.0978407538507926,-1.3854942985862184,100,0
-0.635804817909168,1.5046176741578066,0.06253542743682704,-0.8209047202003283,100,0
-0.2533557152672415,1.0781938875683421,-1.057383787983559,-0.6405784346243903,100,0
0.2119950207760184,-1.4947790714443943,1.5878579882904076,-0.049829523077617406,100,0
1.3543993011565734,-0.7665794984557298,0.1633420516040095,1.028988108658515,100,0
-0.19755599574958077,0.8545932428584352,-0.11861775830812682,0.25297437566149766,100,0
0.8946977394507127,1.1813666964630274,-1.1736599331577888,-0.08651991131613494,100,0
1.1793455113764155,-0.8785670055208668,0.2818182035082835,0.606781761012911,100,0
0.49350043947654276,0.72783516048065,-0.13707002528180268,0.8405832054887749,100,0
0.2777372871275017,-0.16268929149981604,1.0014982998196842,0.51910712096589,100,0
-0.17215165875429653,-0.410584809912336,1.4564828495584006,0.7927029701426519,100,0
0.04626236865256909,-0.3193851859205682,-0.044014372194049634,0.30458135424285676,100,0
1.0742002540215727,-1.0236351559129486,0.47905459634813935,0.537138787783294,100,0
0.028209725910617735,-0.8704670126074788,0.383805883920016,0.10125024332837776,100,0
0.6626579035420402,-0.7623593340806875,0.39848803409736344,0.5334081975872991,100,0
-0.8030203782961844,1.5623726656452817,0.4062227946008873,-1.7760089026294699,100,0
-0.2141010150902387,0.6883902370074716,-0.21624247800469795,0.2380481679167587,100,0
-0.04941699095316915,0.8986156833351877,-0.40454915931713237,0.006095668955666764,100,0
-0.06680938644443696,1.2718619954407508,-1.185563127465607,-2.4326370171733185,100,0
0.7159366790116366,-0.07818220156877576,0.06492069789150652,0.7740500191626768,100,0
1.0616661484604681,0.18697344880183084,-0.09380399818978642,0.8374719759749714,100,0
0.6367070089296127,-1.020112680003135,0.88026635001146,0.3816888739551279,100,0
1.1625039103830441,-0.9760902395263825,0.44591554760400015,0.5719602263110931,100,0
1.3759014709782993,-0.9250398640218376,0.5224989397751172,0.9350982226353098,100,0
1.282337021015125,0.9848908179378688,-0.8139009378816164,0.012346980188966006,100,0
0.11370997950715478,0.6753723912538127,-0.05471335229173819,0.26416422276910323,100,0
-0.3457409000874838,0.9317133434539678,-0.22378271159735466,-0.12446056180131228,100,0
0.770309982009104,0.6704375216217066,-0.3164479213854388,-0.18293436533740318,100,0
1.9109488954092215,0.6021321191966255,-0.8883074812882688,0.5452222140780447,100,0
0.04626236865256909,-0.3193782090359159,-0.044014372194049634,0.30457173684095934,100,0
1.2490068924244695,1.5824354632185678,-1.2411190868906175,-1.5142232229826948,100,0
0.39128569130922586,1.2472216808638905,-0.7097364087054193,-0.2606429726682607,100,0
0.01982070201957991,1.4246898029095236,-0.5857023450620863,-1.3562573968181733,100,0
0.425604425408926,1.022565995060223,-0.5345186095384689,-1.135538023273225,100,0
1.1185815799097651,0.8517854722056851,-0.6008013386198632,0.7106232536494336,100,0
0.9888624141872359,-0.9461747194807192,0.8911737517993634,0.773424888039347,100,0
1.2310354565636183,0.7109374861886455,-0.798431416874569,0.5433569189800472,100,0
1.8188320463700058,1.4655301033131596,-1.346881515691794,-1.5110975673660454,100,0
1.169600685644402,-0.9444049731298948,0.5933391564825398,1.20245237798067,100,0
0.30781914047415243,0.45845934573500097,0.19946847790789285,0.683261745251378,100,0
1.385610989370704,-0.8433422464227307,0.21850432561416994,0.9525057200695738,100,0
1.1098253596867964,-0.06972485602685617,-0.09500821239991583,1.2484716460596494,100,0
1.4865899806517149,-1.137018039908543,0.4685177220095067,0.45381457948455434,100,0
1.6712826741450602,0.35880901275012916,-0.7908819200956806,0.7709387896488733,100,0
0.6925985275302561,-0.03909463072412916,0.37030478998721855,0.9195516924681897,100,0
0.45409744847318323,-1.075757589303089,1.5723653093177805,-0.2942077052901286,100,0
1.5383152331785264,0.8736180161297956,-0.79405456138006,0.4065594752617613,100,0
1.2910579338984847,1.418699892183657,-1.2423001431351675,-1.4364665286423501,100,0
1.0775897586240122,1.1433341667121415,-1.0339479268171938,0.2902802776214477,100,0
0.02822031811250035,-0.8704670126074788,0.383805883920016,0.10125986073027515,100,0
0.8989346202037621,0.9215032683530587,-0.4263755418757286,-0.5037708926341121,100,0
1.2899987137102227,0.605994930943136,-0.7535744375472472,0.6882387507332738,100,0
1.6812040365751175,-0.2595233454360204,-0.29005617749251716,1.1421512680840762,100,0
-0.31430324489985717,-0.5479137233779289,1.3092676623700756,0.38106374283179795,100,0
1.5554746002283766,1.065176041814683,-1.0150973428355519,-0.1331643105184442,100,0
0.10904234921087869,0.9229156620753511,-0.06525022663037082,0.31577601005141104,100,0
1.1222535432290748,-0.9525049660432826,0.3230856981707966,0.23245084001248154,100,0
-0.14090254476018063,1.1352511905905887,0.003227877587951756,-1.3152391777258332,100,0
-1.0901043566548905,1.4099022108050405,-0.6398919845179114,-2.0558272108338387,100,0
-0.02108991238507298,-0.19438136461303757,-0.15631661047485235,0.3611653383061118,100,0
0.8571307301070081,1.3866572731586377,-1.0738491015105214,-0.9203967428287593,100,0
0.20429802074131195,1.2349015235754603,-0.4753870602279971,-0.2488135683344792,100,0
-1.1135484301550973,1.6338602081434794,0.15678834734503572,-1.3307712817901072,100,0
1.1950925848419158,-0.8440569516797943,0.2365675387661116,0.8250366753216547,100,0
1.0931956027310776,0.8264304523717612,-0.5212236214993282,0.8051382707959686,100,0
-0.4043298994342353,1.169403891803129,0.18279474269071586,-1.635450573899212,100,0
1.311536190871557,0.9229156620753511,-0.9051896381956603,-0.006935910615287642,100,0
0.1721083192200191,1.2898317276183509,-0.4851110899747924,-0.22953067753022555,100,0
-1.0192778333997479,1.833160874113223,-0.16127936249852046,-3.1091731536447513,100,0
1.110990501893885,-0.841946869492273,0.31891726436650225,0.6925906250918398,100,0
0.0785015004493142,1.3285619458344655,-0.3983984036592404,-0.225202846676403,100,0
1.5369382469337853,-0.024664391248177778,-0.3436323624401437,1.292615520768639,100,0
0.11220235610586136,0.2003486471840216,0.343719445502053,0.5421133889147156,100,0
1.486554673312106,0.9838357768441083,-0.7815492599671774,0.39474449703082576,100,0
-0.1635264287612762,0.905660635154815,-0.14996901210953542,0.21068665951870302,100,0
0.14693771681294474,-0.31375113034555197,1.1977389001396253,0.3195075619875958,100,0
1.2719919705097626,-1.0623653741290635,0.7675565315364596,1.1216181150331628,100,0
0.6408379676638358,1.0630659596271619,-0.389269533627836,-0.9974802190362869,100,0
-0.019345729808400974,0.8077630317289326,-0.4089144358288516,0.30334070939809427,100,0
0.9584274874444977,-1.1951133672327152,1.1965578438950752,0.8511527301739992,100,0
1.5082686871714843,0.03802546987140342,-0.3942322856515041,1.1701379076054617,100,0
1.2615763053251827,1.41165494036403,-1.2432959356550823,-1.3836189052162287,100,0
0.7841857664753409,0.22395093745895622,0.12267666404656118,0.6646087942714028,100,0
1.232730208864838,0.0003502927490492611,-0.33708421609290906,1.1670122519888122,100,0
0.9892507949229321,-0.24543854683431646,-0.007100575060466191,1.1496047545545482,100,0
0.6393550594002686,0.29331138097779796,-0.24997437066767014,0.7112435760718148,100,0
-0.6484801528287074,0.24964629312957723,-0.6541804492804089,-0.38437084807809757,0,100
-0.017460317873293982,-0.33945632172185347,-0.3390686221634089,0.7435772812508177,0,100
-1.5139336613182663,-2.494107188737697,3.3000653313698463,-0.04112577436048546,0,100
-1.4150024957345624,-1.7127471580569662,2.003358206716226,1.0401827644670691,0,100
-0.9603498835927525,-0.36727367133427996,-0.0225700960675137,1.2366903287353548,0,100
-0.7759749561558857,0.15105100123846602,-0.9180886250233932,-0.49939497477080264,0,100
-0.03395590693849969,-0.29403169759790937,-0.39819924515525745,0.6453355208690466,0,100
-0.503119835659504,-1.4486465487801203,1.0171762425169464,0.8374719759749714,0,100
-1.0066378058198173,-1.8697951299007816,1.8323134729466855,0.2610578019562484,0,100
-0.6937088548675098,-1.3792861052612788,0.9078474870165404,0.8629677084049348,0,100
-0.2840942851306149,0.17710370953761875,-1.176022045646889,-0.8967379341611961,0,100
-2.239534797617586,0.8024878262601296,-0.17497035174906908,-2.637199155530663,0,100
-0.7983245021282214,0.1531610834259872,-0.499001237729324,-0.5566185160602337,0,100
-0.42869549449823025,-0.6345291938173069,0.22466434445829359,1.11916567754933,0,100
-1.4192393764876121,-2.5155823800332753,2.7200740834334614,-0.659861325428644,0,100
-0.7984657314866564,-1.4863217259024746,0.9346412531919205,0.6024289249141553,0,100
-0.27810616033297175,-0.3810062223450026,-0.4424494857843988,0.8760233314806325,0,100
0.012042495103773376,0.2566912449492044,-1.3752500235265743,-1.3693370633986144,0,100
-0.7434922037158402,-0.3662169285613359,-0.0019363487362572174,0.5868838373573197,0,100
-0.8953137640334441,-1.5243542556533607,1.2011199631142195,0.41277712558841956,0,100
-1.097377668614292,-2.0937361104473857,1.7789343622861395,-0.258142448174941,0,100
-0.3227875986078386,-1.0553204223094361,0.1292072103399555,0.9363388674800723,0,100
0.25591735124929726,0.3330966402876734,-1.4758482260035422,-1.3923226539333609,0,100
-1.7362286714949253,0.9391156479021268,-0.4039539996017415,-2.6832184236096426,0,100
-1.1204333613788025,-0.2376925031910935,0.23318647579151736,0.6795350020161418,0,100
-0.9623270946108422,-1.2423009309907496,1.0124057016075874,0.9991453105709344,0,100
0.02420587359898604,-0.23381948136948205,-0.7902798129906158,0.8523981837197103,0,100
0.42412151714535873,0.40810665869568485,-1.4669324092554683,-0.7052554623842935,0,100
0.13284655757509461,0.5084546801457854,-1.550069505685559,-2.3499273608558218,0,100
-2.0936095630146427,1.2341868183183966,-0.42141510564861845,-2.29895513079969,0,100
-0.8836270346229494,-0.5729113905833211,-0.04936386224289389,0.7889714182064671,0,100
-0.4776208749940683,-0.6574167788351779,-0.3769680223120522,0.606781761012911,0,100
0.05681926319558387,0.013725491131240044,-1.0932786346316483,0.41899477591507794,0,100
0.1672076604823253,0.25281141641085897,-1.2708770726601624,-0.23015580865355542,0,100
-1.4292666609364955,0.2507013342233378,-0.4519743570272111,-1.143616640867027,0,100
-2.34436228891595,1.16200158735497,-0.32954412144804585,-1.2057931441336103,0,100
-1.671016015237573,0.2535261216679226,-0.15274565218250696,0.09503259300171941,0,100
-1.2237779444135992,-0.32572343037529417,-0.1727865555949305,0.5483315201114688,0,100
-0.3823193039221437,0.10597351966795282,-1.0137078649007871,0.08072670767936165,0,100
-0.46004135060287416,0.014082843759771858,-0.8811748278898097,0.0508646747879864,0,100
-0.8846156401319943,-0.13627752889294797,-0.4388762116954954,0.04716197505749378,0,100
-0.9084127870282885,-0.048249664731277564,-0.3511725960328004,-0.2643937594082402,0,100
-1.2542481784959463,-1.4792767740828476,2.155552356504124,0.08572775666600098,0,100
-1.869513878517938,-1.319778384214814,2.211502001343985,0.17959840788541132,0,100
-1.0689552602292522,0.34260902692335365,-0.4089144358288516,-0.04050064323715561,0,100
-0.06907258691335752,-0.06444965055805316,-0.6603173101589531,0.2933915071352512,0,100
-1.5683775789949514,-2.6120675897368653,3.7620204287479653,-1.0217160718176928,0,100
-1.5736030652570454,-1.7296448323489708,2.552595676363151,-0.11638194420751029,0,100
-1.2402311646712745,-0.4056550453177804,0.22128328148369944,0.9481538457110078,0,100
-0.8539335620119949,0.23450134839656223,-0.6460288453964557,-0.6666896807757862,0,100
-0.9439672780142947,-1.5116767457363984,1.4037058460029197,0.8698056811539743,0,100
-1.6419933820791848,-2.437764590972514,3.13518061644443,-0.09277122254943418,0,100
-1.4994576520786809,-1.693024696320377,2.025173010292032,0.8878383097115681,0,100
-1.0700850950967322,-0.33311756676337245,-0.03528381917061112,1.0756469339636705,0,100
-0.6645802996902952,0.24506877612600297,-0.7879177005015158,-1.0789396131071238,0,100
-0.2943687209567597,-0.3186808609065238,-0.34700555170644093,0.3599246934613493,0,100
-0.69257902000003,-1.44478373703361,0.9997151364700696,0.523458995324456,0,100
-1.1532338798753268,-1.853595144074006,1.768629067603301,0.1024956968740889,0,100
-0.4879906406371568,-0.3084692542943497,-0.38768321298564623,0.726790106238935,0,100
-0.4714456212964988,0.1957711301804474,-1.1668978072086005,-1.0820652687237735,0,100
-2.3730318486782513,0.8190281479236021,-0.20989256384282307,-2.7963671569323574,0,100
-0.9747199708135117,0.2235935848304244,-0.563285434381215,-0.7307415774123593,0,100
-0.9524410395203936,-1.9021951015543328,1.838867177205659,0.16156577932781752,0,100
-1.5271739136715456,-2.5011521405573243,2.631564338988947,-0.9328031912763838,0,100
-0.8249462361932152,-1.4704790927042308,0.8901779592794485,0.4183744534926967,0,100
-0.34107680052516853,-0.35741414214516887,-0.4372898910533057,0.7765361175531503,0,100
-1.526044078804066,0.5183244194099974,-0.5454329587160459,-1.8679993517779416,0,100
-0.9109549154801181,-0.3436815911344463,-0.025742737351893218,0.47433811513357044,0,100
-1.0316707096024176,-1.5581666210292042,1.2521138033200858,0.29090060004382895,0,100
-1.1825742790901939,-2.028953183932118,1.6172222886451024,-0.38437084807809757,0,100
0.14005631632320034,-0.12676514225726773,-0.9038001602608957,0.544600449045379,0,100
0.0592236930229394,0.3577539716563686,-1.436757580105494,-1.5819778193497605,0,100
-1.8803532317778224,0.885240484952997,-0.371611584873534,-2.771506173027621,0,100
-1.2626513253228278,-0.24332676296761177,0.27565818466415987,0.5439786840127131,0,100
-0.8183437636863798,-1.4359690388631585,0.7911776564274604,0.5644983727009703,0,100
-0.06954217453015382,-0.2176211972218899,-0.780970310827692,0.7864853198159935,0,100
0.30238181017440574,0.41409656942155143,-1.4538250007375206,-0.8202795890769984,0,100
-0.06360348000796291,0.537332175889523,-1.4986819800648425,-2.4960637826865617,0,100
-1.377011798315553,0.14261067248838127,-0.29422461129681143,0.08322723217268137,0,100
-0.9954100718242364,-0.560233880666359,-0.07059971667921514,0.6521734936180862,0,100
-0.5938596984539788,-0.6074214444243935,-0.45336151916541795,0.47371298401024053,0,100
-0.0838239934018912,0.011258056315187007,-1.0918891566968836,0.27784497696813104,0,100
-0.4305809064333373,0.23485870102509404,-1.0917038929722482,-0.9160208249654498,0,100
-1.6172429370134545,0.2739462718697406,-0.4424494857843988,-1.2947060246749196,0,100
-2.4531442022504937,1.1771465320879853,-0.2779538246807162,-1.3183167463329957,0,100
-1.743890364190023,0.26831371377240576,-0.20136116932336753,0.013597242435625814,0,100
-0.8409757683755854,-0.25107280661083475,-0.6303509026991935,0.17835295433970016,0,100
-0.42280623025149155,0.11620061156069662,-1.0371437260671525,-0.032422025643353516,0,100
-0.4920439232242407,0.022182836673159637,-0.8680674193718623,-0.00010755526814546084,0,100
-0.9380709522996342,-0.06550469165181376,-0.4999923986561228,0.011096717942306095,0,100
-0.8129417407262419,-0.4595302082669102,0.2560202298528181,0.6217050835370809,0,100
-1.4232997205426177,-1.3750489240944015,2.0394614750545297,0.019800466659438038,0,100
-1.9635020165564172,-1.2190559933443468,2.073202630903734,0.06456947249175767,0,100
-1.3151886466606404,0.3718438752956231,-0.43669473133791475,-0.30166119176060074,0,100
-0.9855593240733964,-1.1380730810023036,1.2078589310978285,0.5458444599808056,0,100
-1.7391238733428425,-2.5765024948020323,3.6766833255878315,-0.9732443662548806,0,100
-1.7043461438282284,-1.6299944993640991,2.439306908748665,-0.12446056180131228,0,100
-1.341669151367199,-0.3707961472440936,0.16216099535945944,0.8642083532496971,0,100
-0.14453178619856355,-0.4940385604287991,-0.00689215337025145,0.9469132008662453,0,100
-0.7382667174537461,-1.7613300987454583,1.7785406768712895,1.1701379076054617,0,100
-1.3094688576440237,-2.4831994251715592,3.2710947164300013,0.5066718203125733,0,100
-1.062635246439287,-1.479991479339911,1.7525342815256095,1.6016707307410532,0,100
-0.7426095202256217,0.24437108766077423,-0.8573684392741736,-0.49381688167032023,0,100
-0.349419924874715,0.17252619253404458,-0.7134879991292842,-0.5945591665454111,0,100
-0.07953415163942867,-0.4334740966093904,-0.12853863076234714,0.7174612263984731,0,100
-0.42808467752299906,-1.582449582977533,1.1717556627595247,0.7485542867327136,0,100
-0.37868970941036467,-1.187728079576391,0.724899558939182,1.2864122965448268,0,100
-0.15376977507049364,-0.20811391562376014,-0.48015065374768223,0.9394500969938758,0,100
-0.25651925289618505,0.2257036670179456,-1.159950417534777,-0.9589144374277796,0,100
-2.0055177506908235,0.8123405487325067,-0.37776234053142593,-2.724236642701982,0,100
-0.38740709155976377,-0.7919345182896539,0.5278484298239614,1.0544838410884783,0,100
-0.7006644007704326,-2.042328382314309,1.8950252437357342,-0.018140183825739304,0,100
-1.1775959442053607,-2.360661507168816,2.427588978165482,-0.750024468216613,0,100
-0.44288198355302405,-1.2915985769363052,0.6854152276262837,0.7292762046294086,0,100
0.10791251434339885,0.303521456078707,-1.3516288986355736,-1.4166065937242536,0,100
-1.1842690313914137,0.374651645948373,-0.4374890495572886,-1.3643360144119752,0,100
-0.6462204830937478,-0.5496664529369183,0.20224743377742233,0.5644983727009703,0,100
-0.7857903965671169,-1.696189819601659,1.3092676623700756,-0.007561041738617599,0,100
0.04004121541350822,-0.9042623611914876,0.0631375345418918,1.1042106175988988,0,100
0.561890756298682,-7.059879482552167e-06,-1.0292005438734142,0.5763128700618109,0,100
0.2783375119008503,0.37077181741002757,-1.4069995943359488,-1.3065354290087012,0,100
-1.6469011022848001,0.7517777865922816,-0.2950189295161853,-2.0918924679490263,0,100
-0.7727266809118812,-1.3926613036434696,1.0806753841356955,0.6434697449009542,0,100
-0.34550787164606606,-1.1944156787674864,0.46495139531027724,0.599941864783492,0,100
0.3966877142693638,-0.16268929149981604,-0.7879177005015158,0.8897040856796604,0,100
0.6892443302674254,0.4602120752939904,-1.48696404948166,-0.8190293268303385,0,100
-2.0903259804310297,1.0771388464745817,-0.26723863400712217,-1.8450137612431956,0,100
-1.1732178340938764,-0.013739610890205149,-0.1719945531721146,0.3518412671665986,0,100
-0.6556475427692827,-0.6986314486591805,0.019878454839549326,0.8729169106677778,0,100
-0.0039799756106751235,-0.4767852351874464,-0.5801675912886067,0.7292762046294086,0,100
0.46002908152745237,0.3116214489920948,-1.2609654633921739,-0.2525643550744586,0,100
-0.23766513354511515,0.23627109474738642,-1.0418911090109322,-0.7611806544175777,0,100
-1.4342803031609375,0.36479892347599585,-0.4146691902753356,-1.3027846422687217,0,100
-2.327873761318666,1.0341884638834244,-0.18886049950360068,-0.9949796945429673,0,100
-0.9395185532235929,-0.3556546058694456,-0.2019563290387584,0.6018071598814895,0,100
-0.32905818212235177,-0.16304153909079738,-0.7087406161855047,0.3014749334300019,0,100
-0.061576838714420934,0.09436806763658626,-0.9897162125605158,0.28654872568526296,0,100
-0.19133484251051988,-0.00563961797681737,-0.8450484015859262,0.30209525585238317,0,100
-0.8065511122570591,-0.10176747505187554,-0.26862811194188685,0.05899137939127529,0,100
-0.6066409553923444,-0.7250415095868652,0.7274700931184968,0.8038928172502574,0,100
-1.1798203066007118,-1.6180146779123656,2.4083447087689906,0.16964920562256824,0,100
-1.7007094878485276,-1.253923399813951,2.201590392075996,0.37857764444132436,0,100
-0.08858342278115004,-0.19578865329777953,-0.4501865620844805,0.5775564963011615,0,100
-0.765276832254436,-1.4792767740828476,1.7408395089080062,0.9021393863329771,0,100
-1.348342238553252,-2.658897800866368,3.8199616586276552,-0.40240347663569154,0,100
-1.2593677427392143,-1.5254092967471211,2.305963342942408,0.5346517276526307,0,100
-0.7800353002108915,0.2690114022376346,-0.6128897966523165,-0.569073051517345,0,100
-0.15565508108358178,-0.2915676661402233,-0.37716718081603506,0.5788001225405122,0,100
-0.749070763374022,-1.4743589212425763,1.3217729637829585,1.2155320445611113,0,100
-1.3880276882734812,-2.3867142154679692,2.995885453484264,0.27846529939051223,0,100
-0.8928069429212232,-0.39755675408357605,0.06295227081725648,1.4132658275713132,0,100
-0.7531664147686364,0.158793641523322,-0.8373136410824025,-0.35205637770288956,0,100
-0.6087593957688693,0.24154630021618942,-0.7408838724097291,-0.9931523881824644,0,100
-0.1877525598338166,-0.24825652756216732,-0.4077241163980698,0.5085375962806657,0,100
-0.9348932917348473,-1.8648602602686755,1.7523490178009742,0.4382728580183829,0,100
-0.5345433679112871,-1.389138827733656,0.9084495941216051,0.9618345999100356,0,100
-0.33527933536141263,-0.3553023582784642,-0.3269646482940174,0.9419361953843494,0,100
-0.2836211667798577,0.2028160820000746,-1.1379271922687555,-0.7636811789108973,0,100
-0.9496517596913028,0.24859125203581658,-0.5363040886846415,-0.8184041957070087,0,100
-0.5739110515750379,-0.5281912616413397,0.19252108823406916,0.9462880697429155,0,100
-0.7934167819226059,-1.8148649258578913,1.6850751277927811,0.4706065631973857,0,100
-1.350813752325864,-2.5254521192974875,2.691497153908467,-0.7331940148961922,0,100
-0.2307378335138794,-0.4313606110635023,-0.3093046153228132,1.1502298856778783,0,100
0.017087913933863053,0.2918989872555056,-1.3478773082117088,-1.258015636436402,0,100
-1.5027765420019028,0.5595220724421652,-0.48233213410526293,-2.036544320029585,0,100
-0.8456363372039398,-0.2799468989962054,-0.04281015798392016,0.39661027299891816,0,100
-0.9778270166990812,-2.008873369566997,1.63111706799275,-0.3259451315514937,0,100
-0.15409968685179776,-0.9968677423567323,0.0841649672879983,1.015932485582817,0,100
0.32208330567608545,-0.13486513517065551,-0.8744127019406213,0.7672072377126885,0,100
0.27939673208911275,0.34718654392692777,-1.4496565669332266,-1.3519295659643507,0,100
-1.242632063764669,-0.21163468985439027,0.29450876864580156,0.4606573609345426,0,100
-0.9668111267411529,-1.2046257538683955,0.9721339994649892,1.015932485582817,0,100
-0.5926592489072815,-1.4282263985783024,0.7834197379583573,0.5589020065368828,0,100
0.11276727353960127,-0.2655098528035201,-0.7139048425097135,0.9780014524995371,0,100
0.06954755912453643,0.5700895001716061,-1.5395557893125058,-2.368585120536746,0,100
-2.2947554767656633,1.2665867899719478,-0.4327254560376035,-2.48798516509276,0,100
-1.3973135185905812,0.17429593888486883,-0.2958109319390012,-0.006310779491957685,0,100
-0.8732113694383696,-0.5549586751975562,-0.0634439053151767,0.7504200627008059,0,100
0.10998505517843216,0.010900703686655194,-1.0518258762445,0.47620389110166284,0,100
0.14330812230116574,0.2774687477795542,-1.1724557189476594,-0.09647392227992668,0,100
-0.3516795946096747,0.23169357774381222,-1.0978407538507926,-0.7698844031347096,0,100
-1.455111633530097,0.23344630730280158,-0.4922530065594832,-1.0602818534262002,0,100
-1.7712182450471916,0.27217652551891636,-0.17715183210664975,0.11928287188597154,0,100
-1.2102905406830589,-0.26198907857288994,-0.22735366988970007,0.6080252910782428,0,100
-0.6770790979117909,-0.2908631709582606,-0.6008013386198632,0.3412669337804256,0,100
-0.3199135811636868,0.08274559881338481,-1.0220447325093756,0.07327322120888961,0,100
-0.9049173604070228,-0.11410464913214058,-0.46030659304268373,0.18457060466635852,0,100
-0.9722837643805083,0.03943786359369587,-0.44006884692283516,-0.2314060709002153,0,100
-0.6577306758061986,-0.4834745360577253,0.21454431350009037,0.764721139322215,0,100
-1.244997655518455,-1.4444263844050782,2.1093058992420377,0.14601924916069733,0,100
-1.1730766047354413,0.3478842323921566,-0.3753817016698624,0.013597242435625814,0,100
-0.16795679373538155,-0.0556519691794366,-0.6579320397042737,0.2088256922515593,0,100
-0.7590980478229056,-1.1282203585299264,1.106658621515796,0.7659665928679261,0,100
-1.5040476062278176,-2.536717235492157,3.59553781419757,-0.5336329255254875,0,100
-1.1787610864124494,-0.4179803076437611,0.27148975085986554,1.2373154598586846,0,100
-0.5018946709750806,0.1605633878741462,-0.6174519158714606,-0.17855844747409372,0,100
-0.21626888574221567,-0.5162284569814414,-0.011662694279610456,0.9276351187629404,0,100
-0.840481465621063,-1.7930323819337806,1.788452286139278,1.0271223326904226,0,100
-1.2114203755505384,-1.4426566380542538,1.671990877240413,1.4499562158098307,0,100
-0.8077868691433651,-0.2623413261638713,-0.15254649367852402,1.2571753947767812,0,100
-0.9558658514624419,0.24578348138306666,-0.8541726400242148,-0.610091270609685,0,100
-0.33461908811072905,0.1728835451625764,-0.7510039033679323,-0.512474641351244,0,100
-0.47573546305896136,-1.6599270362015972,1.2386127093872885,0.7392254068922517,0,100
-0.8628310115933986,-1.909223036582125,1.8297429387673705,0.5253247712925484,0,100
-0.4856321103512925,-1.1831505625728167,0.7189479617852729,1.2416432907125072,0,100
-0.29926937969445355,-0.2229032094074268,-0.45375983617338383,0.8915698616477528,0,100
-1.8637940895013212,0.8207978942744265,-0.38788237148962923,-2.588054231835034,0,100
-0.6068527994299969,0.04859289760084424,-0.4418543260690079,-0.09709905340325664,0,100
-0.3882579984443346,-0.8641197492530804,0.5496863913653474,1.1440266614540662,0,100
-0.7806002176446314,-2.1472709375598185,2.0347140921107503,0.0919309808898133,0,100
-0.5443588083225183,-1.3088536038568415,0.725293244354032,0.9052506158467807,0,100
-0.11351746601284579,-0.24860877515314872,-0.5591239479665946,0.7808879919117164,0,100
-0.11394115408815073,0.32041913037071135,-1.3593868171046768,-1.5285050648003093,0,100
-1.1178206182477555,0.35212141355903376,-0.4456244428653362,-1.1741038048817323,0,100
-0.8062333462005803,-1.7866851185793824,1.4467796619806268,0.2542150205062601,0,100
-0.810293690255586,-1.9493656485205324,1.469196572661498,0.1049817952645625,0,100
-0.09744556502294505,-0.8866499816424197,-0.013260593904589892,1.2273614488948927,0,100
0.377127448126119,0.018303008134814232,-1.039922681936682,0.5159958914520865,0,100
-1.5651646110905553,0.6774824734413338,-0.20493212761571292,-1.799619624287546,0,100
-0.9989761131247196,-0.4486156379840385,0.36634477787313896,0.9413158729619682,0,100
-0.7898860479617313,-1.4669566167944175,1.2142042136665876,1.007228736865685,0,100
-0.4054138347602238,-1.26132570426211,0.6058444578954226,1.0090945128337774,0,100
0.47591738435138775,0.49824460504487644,-1.521098890745714,-0.9813229838486829,0,100
-0.058702821270269094,0.5148019435001838,-1.4708924213695478,-2.223698960952665,0,100
-1.9792137826823089,1.0535535729914818,-0.3214085891922048,-1.58822913058306,0,100
-1.1094880861000915,-0.03732488437330494,-0.1380635020051595,0.5309206565865409,0,100
-0.1604628109034254,-0.4894610434252249,-0.5493999182197994,0.8872179872891869,0,100
0.1590057654912138,0.0700680888964228,-1.0506216620343705,0.5178616674201789,0,100
0.220362860263291,0.313731531179616,-1.294891882966013,-0.35700933968004195,0,100
-0.4542897849806096,0.2179610267330896,-1.0289921221831995,-0.8383122176345923,0,100
-2.231908412262097,0.9880559412191506,-0.20294748996555728,-0.8271079444241407,0,100
-1.48794745936623,0.11301847148758,-0.13865866172055039,0.42583274866411747,0,100
-1.0095683150073431,-0.3567096469632062,-0.16921559730258512,0.7759157951307692,0,100
-0.45014117257658204,-0.17818308046544543,-0.7117048357796694,0.48242154142832117,0,100
-0.3679421552334627,-0.021839603803592966,-0.8295788805788787,0.20446900919204467,0,100
-0.8987385759754923,-0.11410464913214058,-0.45514699831159067,0.1771123094949377,0,100
-0.8769186400972878,-0.10634499205544973,-0.2886690153543104,0.05023954366465644,0,100
-0.7067372631831367,-0.6915864968395533,0.654661449336824,0.7093778001037224,0,100
-1.8649945390480185,-1.16484049455852,2.0779731718130927,0.3195075619875958,0,100
-0.9724603010785521,0.3088136783393448,-0.493047324778857,-0.024968539172881485,0,100
-0.19656739024053593,-0.212339185036353,-0.42101910443721047,0.5464662250134713,0,100
-0.8636783877440085,-1.4585162880443325,1.7563090299150534,0.6229486136024125,0,100
-1.4266892251450571,-1.4278690459497705,2.105345887127958,0.3394011578123332,0,100
-1.0832900401104029,-0.28452441599977957,0.0841649672879983,1.0426688628575427,0,100
-0.44684346705712524,0.1887261783608202,-0.6295635318694934,-0.12946161078795163,0,100
-0.04291337899723831,-0.48417903123968803,-0.07814921345810358,1.0010110865390267,0,100
-1.2646638436805262,-2.5335521122108755,3.2988842751252965,0.25670111889673375,0,100
-1.0510544390476186,-1.4993565884479683,1.7074920384736523,1.3100711052123897,0,100
-0.6374995702103877,-0.2838199208178168,-0.12198955809648929,1.3349320891171257,0,100
-0.7576857542385558,0.24789356357058787,-0.8603326588683385,-0.48198747733653874,0,100
-0.022315077069496442,-0.4553049388543174,-0.14976985360555248,0.9332324466672175,0,100
-0.3506450895591385,-1.663449512111411,1.223536873795091,0.9326073155438876,0,100
-0.7201540522344599,-1.9458431726107188,1.846208252294333,0.614243422274996,0,100
-0.28588436724877825,-1.2602706631683496,0.7741102357954334,1.3187748539295214,0,100
-0.2507712180078813,0.2408486117509606,-1.1552030345909974,-0.9104427318649674,0,100
-1.9625840257265896,0.8162203772708522,-0.34323543491011255,-2.5606927234369783,0,100
-0.6475974693384887,0.07850841764650762,-0.43471009368775915,-0.14186805923557616,0,100
-0.40192546960687986,-0.8898321217155364,0.6227034568372348,1.298241700878608,0,100
-1.0961066043883771,-2.4955195824599894,2.6022000386342525,-0.3427274978624276,0,100
-0.3765218387583877,-1.3873860981746664,0.7762870845598981,1.1067111420922184,0,100
0.027690708018369193,-0.27114411258003834,-0.5263832162304213,1.0370715349532658,0,100
0.07209321831032697,0.32535400000281733,-1.3677005267476858,-1.3718375878919342,0,100
-0.6716770749516529,-0.5824237772190013,0.23239910496181743,0.8144671506364304,0,100
-0.7589921258040795,-1.8109850973195458,1.51484092281852,0.35619314152516457,0,100
-0.7050072035423082,-1.9965532122785667,1.5461736502474652,0.055240592651295765,0,100
0.10758415608503752,-0.957082483046857,0.041901680105570556,1.332431564623806,0,100
0.25577612189086224,0.35070901983674135,-1.3863658470046925,-1.284752013711128,0,100
-1.6969669098500006,0.7176250853797411,-0.19917737316922893,-2.053951817463849,0,100
-1.0703322464739933,-0.49473624889402784,0.5703201386966038,0.9487789768343377,0,100
-0.7923575617343436,-1.4746992570792732,1.2203642325107114,1.136573174983594,0,100
0.3524476177396062,-0.20142291307429777,-0.8010019510538838,1.068770491607041,0,100
0.6195476418797626,0.4591570342002298,-1.4839998298874952,-0.7356945393895118,0,100
0.10522562579917334,0.5105817791251415,-1.4429175989496177,-2.1496930533523,0,100
-2.145476044899889,1.067643476630736,-0.3013665278815022,-1.8363100125260634,0,100
-0.7450457266586252,-0.6708089940092035,0.03516271212196156,0.917065594077716,0,100
-0.2000063251184277,-0.5109362347208035,-0.5519797155853459,0.8530185061420916,0,100
0.275477617392542,0.04188828161791398,-1.0716490947804769,0.636626963450966,0,100
0.3567904205114819,0.29858658644660097,-1.2708770726601624,-0.19288837630119493,0,100
-1.5304928035947678,0.334151681381434,-0.4041531581057244,-1.2617664231763814,0,100
-2.403537390100207,1.047921014894147,-0.23330758284016698,-0.9738694973782106,0,100
-1.6179490838056294,0.15704091196433265,-0.17358087381430434,0.2287192880762968,0,100
-1.1036976824042573,-0.33170942723903873,-0.18886049950360068,0.6042942200121528,0,100
-0.2606219657587212,0.10633087229648464,-1.0150973428355519,0.25670111889673375,0,100
-0.33155441103269,-0.013382258261673335,-0.85199579125975,0.24737704775722055,0,100
-0.8571465299163907,-0.14508371866748196,-0.3978032439438495,0.2380481679167587,0,100
-0.8397753188288882,-0.047892312102745756,-0.3210116616621736,0.03533257072371216,0,100
-1.280622761183679,-1.6042821269016432,2.416681576377579,0.29649792794810603,0,100
-1.806349047957893,-1.2789210670193432,2.2085377817498197,0.41402257913413076,0,100
-0.8714106951183237,0.33944390364207183,-0.47856201730893455,0.00984645569564629,0,100
-0.061153150639116,-0.1905066411122426,-0.4888812067711208,0.5918579576186465,0,100
-1.4257359269756211,-2.6395326917583106,3.7453466935307893,-0.6237960683134565,0,100
-1.3408923898958067,-1.5472418406712318,2.3180518009748616,0.3002294798842908,0,100
-0.989478438769967,-0.33311756676337245,0.11612295978758747,1.1210410709193197,0,100
-0.92497192930479,0.25985636823048625,-0.6154834887972107,-0.7052554623842935,0,100
-0.9643749203081493,-1.5500666281158164,1.511645123568561,1.0177982615509094,0,100
-1.575050666181004,-2.493409500272468,3.2855916028827137,0.11493099752740557,0,100
-1.3515552064576477,-1.7130874938936633,2.060905751181066,1.0470207372161087,0,100
-0.8629722409518336,-0.39931799203848295,-0.02296378148236372,1.3703722151089834,0,100
-0.7337473779838267,0.2563338923206726,-0.7323385831109259,-1.1392407230037176,0,100
-0.302238726955549,-0.2598755930270018,-0.40950959554424254,0.40158246977986534,0,100
-0.7157759421229754,-1.439491514772972,1.0120120161927375,0.726790106238935,0,100
-1.0718151547375605,-1.9060579133008433,1.9364780021228825,0.44013863398647524,0,100
-0.342584423926462,-0.33170942723903873,-0.38212761704314524,1.0762239780775134,0,100
-0.32849326468861184,0.16900371662423103,-1.1754430965074036,-0.9160208249654498,0,100
-2.477470959240919,0.842273085570005,-0.13369822549344024,-3.0481988256153407,0,100
-1.0245033196618423,0.15527116561350837,-0.47657737965877883,-0.799121304902755,0,100
-0.9750730442095991,-1.9028927900195614,1.80651549929122,0.19079306369396554,0,100
-1.4721650785611209,-2.522627331852903,2.6746381549666545,-0.7157865174619283,0,100
-0.7550023964282913,-1.5261240020041849,1.0092330603232078,0.6552847231318897,0,100
-0.2493094941480793,-0.42502185610502125,-0.4289553392412751,1.0034971849295005,0,100
-1.6413225426266187,0.4894469236662598,-0.44542528436135326,-1.9333015106611748,0,100
-0.9722837643805083,-0.4317128586544836,0.12763246868055547,0.35929956233801935,0,100
-1.0320590903381135,-1.5828069356060648,1.2654064755626686,0.2647845451914844,0,100
-1.1300722650919899,-2.1036058497115975,1.7580921932646683,-0.365087957273844,0,100
0.20200304366674354,-0.16163254872687194,-0.8760106015656007,0.7802676694893352,0,100
0.1862489087333215,0.3387291983850082,-1.4736713772390773,-1.4122306758609442,0,100
-1.9929130304505018,0.9200908746307664,-0.31525737037500123,-2.9356752234159553,0,100
-1.3275109081840923,-0.31973726334363123,0.35423316187510634,0.35867923991563816,0,100
-0.7183886852540226,-1.4335016040471056,0.7727207578606687,0.12114864785406392,0,100
0.0936801257471137,-0.285933406363705,-0.7452375699386585,0.7485542867327136,0,100
0.4567101916042304,0.3577539716563686,-1.4296249267070347,-0.628123899167279,0,100
0.08552413029749358,0.5102244264966096,-1.538953682207441,-2.3605065029429437,0,100
-1.498751505286506,0.09789054354639981,-0.17397687502571232,0.0521149370346462,0,100
-0.9312213284155378,-0.6767989047350702,0.06552280499657127,0.7920826477202706,0,100
-0.4654610272328165,-0.6915864968395533,-0.3436323624401437,0.6229486136024125,0,100
0.10630956112516182,-0.020784562709832373,-1.0718575164706918,0.504806044344481,0,100
-0.2783886190498417,0.22817110183399858,-1.1202808224972434,-0.9558368688206168,0,100
-1.5163698677512698,0.2841563469706496,-0.4206207874292446,-1.281674445103965,0,100
-2.6125568405839776,1.2151790618388711,-0.28112878176165373,-1.6236692565749176,0,100
-1.8309582636651882,0.21585094454556839,-0.08271133267724784,-0.04862734784044451,0,100
-0.7748098139487972,-0.32889246751869794,-0.5071366310373716,0.39661027299891816,0,100
-0.36558715568155936,0.10704557755354825,-0.9956678097144249,0.1429128283478425,0,100
-0.4713502914795552,0.029925476958015604,-0.879391664540195,-0.0380482057533228,0,100
-0.8879698373948252,-0.09790466330536499,-0.4803474964551072,-0.033047156766683475,0,100
-0.9384240256957218,-0.5285486142698715,0.3627552932083301,0.7497997402784247,0,100
-1.4225582664108343,-1.4335016040471056,2.105739572542808,0.4960974869264003,0,100
-1.9374098925855545,-1.3025233572942778,2.2722221870932042,0.3872813931584563,0,100
-1.4171209361110872,0.3559842253055444,-0.3499820450223628,-0.44472004498417816,0,100
-0.9537474110859171,-1.12223044780406,1.1386166140153855,0.6285435371562152,0,100
-1.6536448041500704,-2.5381296292144495,3.631038975430809,-0.7723849276280292,0,100
-1.575191895539439,-1.7282324386266783,2.5758231158393015,-0.15119693907603807,0,100
-1.2215182746786395,-0.4296010747877789,0.2949024540606516,0.9873303323399988,0,100
-0.44867944871677995,-0.3084692542943497,-0.31922595093634515,0.46376378174739746,0,100
-1.0613641822133721,-1.4863217259024746,1.4148216694810376,0.9151998181096237,0,100
-1.7093597860526701,-2.516637421127036,3.293928470491302,-0.23328146427020507,0,100
-1.4818039822743083,-1.7261223564391572,2.054352046922092,0.7578831665731753,0,100
-0.8516385849374265,0.1753509799786294,-0.8662842560222476,-0.5659473959006954,0,100
-0.8666088969315343,0.31231913745732354,-0.780576625412842,-1.2965814180449093,0,100
-0.44490862484656607,-0.20424089380214866,-0.4448301246459624,0.3213733379556881,0,100
-0.7867083873969444,-1.3954860910880544,0.9687529364903951,0.7796425383660053,0,100
-0.8028438415981408,-1.436683744120222,0.9751213770247334,0.8393377519430638,0,100
-0.4635756152977096,-0.3207936657807386,-0.37835750024681686,0.8430693038792485,0,100
-0.40357432236660823,0.1880284898955914,-1.164118851339071,-0.9378042402630232,0,100
-2.5344570053694335,0.8739583519664925,-0.1745720347411032,-3.0743100717667367,0,100
-0.7427507495840566,-0.5479137233779289,0.130805109964935,0.8262821288673657,0,100
-1.0148997232882635,-1.8891602390088391,1.7507511181759947,0.33442896103138603,0,100
-1.4944087025146304,-2.4779072029109215,2.631564338988947,-0.783589200838481,0,100
-0.8454951078455049,-1.5021813758925533,0.950898145028668,0.5128894706392317,0,100
-0.1463698862985948,0.2633788441402998,-1.3581826028945472,-1.4762825724975175,0,100
-1.7075591117326243,0.5288918471394382,-0.48193613289385495,-2.0564042549476818,0,100
-1.0223495719457087,-0.3567096469632062,-0.006498467955401482,0.3543273655570722,0,100
-1.0802536089040506,-1.4817442088989006,1.1080480994505608,0.2753588785776574,0,100
-0.4076276049536921,-1.0715204081362117,0.18339684979578064,0.8144671506364304,0,100
0.05681926319558387,-0.14508371866748196,-0.8440526090660115,0.6217050835370809,0,100
0.0624754990009048,0.34754389655545964,-1.4264522854226553,-1.5384590757641008,0,100
-2.076414888625184,0.9162280628842558,-0.30632927990517034,-3.0625287544424418,0,100
-1.1356508247501715,-1.284553625116678,1.0388057823681178,0.7560173906050831,0,100
-0.8033028370130544,-1.464846534606896,0.8397862261786472,0.31017868214713384,0,100
-0.048993302877864194,-0.28558115877272366,-0.7378964948499849,0.8101152762778644,0,100
0.3180229616210798,0.3880268443305638,-1.4205006882687463,-0.6747682983695882,0,100
-2.4584756105314143,1.3186922065702535,-0.39046216885517576,-2.774006697520941,0,100
-1.5914685790990704,0.10949599557776638,-0.14738921474398886,0.04403631944084411,0,100
-1.0604814987231534,-0.6053113622368723,0.01631212814031979,0.7323874341432121,0,100
-0.6288139646666364,-0.641233809800237,-0.36764230957322275,0.5172413449977976,0,100
0.06412788249459407,0.3105664078983342,-1.2758328772941565,-0.42106123631661513,0,100
-0.43006188854108873,0.2637361967688316,-1.1389229847886704,-1.135538023273225,0,100
-1.6114172259780113,0.3299315170063916,-0.4829272938206538,-1.4352643534051774,0,100
-2.641579473742366,1.2503868041451722,-0.27160391051884136,-1.6771420111243691,0,100
-1.4036335323805467,-0.2633980689368154,-0.17953478676477128,0.4326755301141057,0,100
-0.8847215621508204,-0.28628565395468636,-0.5644896485913444,0.17586685594922657,0,100
-0.4684762740354033,0.16267347006166738,-1.059560636748024,-0.0038583420081249853,0,100
-0.5414989138142099,0.07745337655274699,-0.9160970399835636,-0.12013273094748982,0,100
-1.4089649406614673,0.0073952445686764475,-0.28846985685032744,-0.5988869973992336,0,100
-0.9605970349700136,-0.46093919863083566,0.29788983162039584,0.5962107937174022,0,100
-1.4281368260690157,-1.3317411888747124,2.005349791756055,0.1764871783716078,0,100
-1.9444360531676947,-1.1979381546773,2.082928976447087,0.15783422739163278,0,100
-0.5543860927714018,-0.0010621009732431454,-0.6460288453964557,-0.08902043580945465,0,100
-1.0223848792853176,-1.0905451814075724,1.1628166880458715,0.547709755078803,0,100
-1.7360874421364902,-2.5324970711171146,3.624508429137415,-0.8843314857135716,0,100
-1.6366266664586555,-1.7074549357963287,2.4771933404365836,-0.19534081378502763,0,100
-1.0154646407220036,0.2978888979813722,-0.6597152030538884,-0.8171539334603488,0,100
-0.42949697110734886,-0.2929749548249653,-0.3388701583983933,0.40469369929366883,0,100
-1.1114299897785724,-1.4768263560586294,1.413038506131423,0.8586158340463687,0,100
-1.7627797908807015,-2.4567893642438743,3.244324108220201,-0.1456188459755557,0,100
-1.040850617900691,-0.3538933679145388,0.012931065165725583,1.1552309346645175,0,100
-0.9196758283634782,0.19893625346172922,-0.8905074880183129,-0.5908083798054315,0,100
-0.8251227728912589,0.2816889121545966,-0.7448438845238087,-1.276048264993996,0,100
-0.3742586382894672,-0.22008522867957594,-0.42101910443721047,0.25546047405197125,0,100
-1.214421499417282,-1.873317605810595,1.8860862690220808,0.22374709129534961,0,100
-0.8301364151157007,-1.363443472063035,0.9665760877259303,0.808249500309772,0,100
-0.5100400742228179,-0.3007225299794533,-0.38867437391244514,0.7945687461107442,0,100
-0.46531979787438155,0.2390788654001364,-1.1833631207355626,-1.0093096233700685,0,100
-1.0542320996124055,0.21408119819474422,-0.5243985785802656,-0.8849566168369015,0,100
-0.6628149327098578,-0.5588385037359016,0.15799256155516514,0.7771564399755316,0,100
-1.0221377279080563,-1.853595144074006,1.7205994469915997,0.1565935825468703,0,100
-1.5466988724751816,-2.506784698654659,2.692701368118596,-1.0180133720872002,0,100
-0.41761958206296695,-0.3711466931558915,-0.4307408183874479,0.6869932971875625,0,100
-0.18044711819537118,0.321474171464472,-1.383378469444948,-1.4700793482737053,0,100
-1.6498669188119348,0.5214895426912792,-0.4456244428653362,-1.9836966966034637,0,100
-0.9911025763919694,-0.38945846284937174,0.06017331494772697,0.36800811975610004,0,100
-1.2492345362715045,-2.095148504169678,1.746003735232215,-0.551665554083081,0,100
-0.47229299744710873,-1.0785653599558391,0.17802420178135692,0.8188190249949964,0,100
0.043338920932965014,-0.14473487443486754,-0.857947388413659,0.5719602263110931,0,100
0.035232355758797115,0.34754389655545964,-1.447086032753912,-1.512972960736035,0,100
-1.3398684770471532,-0.2545935808414649,0.2814013601278541,0.3928787210627334,0,100
-1.1405585449557871,-1.2873784125612628,1.0469342282864915,0.7958093909555066,0,100
-0.8607478785564826,-1.439491514772972,0.7858050084130367,0.3729803165370472,0,100
-0.10074680127636271,-0.2950884403708534,-0.7212459175983873,0.8611019324368423,0,100
-0.05097404462991479,0.5162143372224762,-1.5240631103398787,-2.4220578750861974,0,100
-2.423591958997974,1.3067294019103552,-0.3263692569989707,-2.71990881184816,0,100
-1.5651293037509466,0.13098820366517983,-0.18608154363407117,0.017299942166118427,0,100
-1.0940234713514612,-0.5884136879448679,-0.01562270639368996,0.6540392695861785,0,100
-0.11625025409856267,0.020770442950867232,-1.11134184778359,0.2610578019562484,0,100
0.029717349311911147,0.3049338498009994,-1.2752539281546713,-0.3824954547081078,0,100
-0.426340494946327,0.2735889192412088,-1.128409268415617,-1.0733615200066415,0,100
-1.5568320789428918,0.311264096363563,-0.4706257825048699,-1.3550071345715133,0,100
-1.9010433327885472,0.2464811698482954,-0.08549028854677734,-0.11950759982415986,0,100
-1.4238999453159664,-0.2760738771745939,-0.16663579993703856,0.41464290155651196,0,100
-0.9204525898348707,-0.29403169759790937,-0.574007572444483,0.1603203257821064,0,100
-0.49439892277614395,0.14366571358214184,-1.054790095838665,-0.05608083431091664,0,100
-0.9770502552276888,-0.07043956128391979,-0.521818781214719,-0.04362629885380518,0,100
-1.4701878675430313,0.008790621499134007,-0.33986224564381534,-0.6318746859072585,0,100
-1.0634473152502881,-0.47784197796039046,0.2952961394755016,0.4948568420816378,0,100
-1.5426738357597847,-1.350051256889009,2.0063224263103905,0.08692993190317397,0,100
-1.5305281109343765,0.37218421113232003,-0.40157336074017785,-0.47515912198939664,0,100
-0.5875043773244047,-0.01761943942855059,-0.6744205111968153,-0.1070530643670484,0,100
-1.0875269208634522,-1.0666025552959406,1.0538816179603152,0.5079124651573358,0,100
-1.7912728139449587,-2.4849521547305486,3.53956501139213,-0.971994104008221,0,100
-1.3365142797843224,-0.4010775283142062,0.2780434551188393,0.8331201016164054,0,100
-0.55021982669757,0.25247108057416207,-0.6432498895269262,-0.3663382195205038,0,100
0.04230441588242879,-0.36797816651624277,-0.28926417506970126,0.7895917406288484,0,100
-0.6875653777755881,-1.5606340558452574,1.4973798167716432,1.1658100767516395,0,100
-1.1966972149336919,-1.7229572331578753,2.0454130722084387,1.1340726504902743,0,100
-0.7211426577435047,-0.38135846993598393,0.04349957973055005,1.4934749593954906,0,100
-0.6024393819789039,0.16442619962065677,-0.8934717076124777,-0.33214835577530605,0,100
-0.32919941148078674,0.20564086944465948,-0.7567470788316266,-0.7879170316923034,0,100
-0.4096542462472341,-1.4652038872354278,1.0209509909063907,0.8747826866358701,0,100
-0.860147653783134,-1.9317702857632992,1.910494764742782,0.5128894706392317,0,100
-0.4988299938970415,-1.4070915431194209,0.9657887168962302,1.071271016100361,0,100
-0.16413901110348794,-0.3447383339073904,-0.3579182798264275,1.16143415888833,0,100
-2.1059318245380947,0.7612901732279618,-0.12377503724266198,-2.610462778255937,0,100
-0.6121842077109175,0.13978588504379647,-0.5263832162304213,-0.40240347663569154,0,100
-0.24006956337247068,-0.6186865606190631,0.16276310246452408,1.1720133009754516,0,100
-0.6483742308098812,-1.960647781507037,1.8602882953666153,0.4071797976841425,0,100
-0.5437585835491696,-1.5490115870220558,1.0610374293243536,0.7522858386688982,0,100
-0.0759998869445933,-0.4038955090420571,-0.4251852224449468,1.152730410171198,0,100
0.16400175404585124,0.2584439745081938,-1.3734668601769597,-1.2026674885169608,0,100
-1.165662063417605,0.4538818287314269,-0.46626050599315066,-1.4750323102508576,0,100
-0.7088557035596615,-1.5479565459282951,1.1860441275220222,0.5135097930616129,0,100
-0.8805906034165973,-2.1645259644803545,1.8666335779353744,-0.10392740875039883,0,100
-0.0723702924328143,-1.083500229587945,0.1591736177997152,1.2696299302338927,0,100
0.40300772805932916,-0.16726680850339024,-0.867488470232377,0.9711634797504973,0,100
-1.6197144507860666,0.8968629537761983,-0.35097413226778484,-2.5109707556275063,0,100
-0.9540298698027871,-0.33206167483002014,0.3197046351962023,0.8088698227321532,0,100
-0.772338300176185,-1.3060458332040914,1.02768995889,1.1576833721483502,0,100
-0.4938799048838955,-1.4574612469505717,0.8229272272368348,0.7330077565655932,0,100
0.6314109079883009,0.3816965977680003,-1.4440986551941675,-0.4403441271208689,0,100
0.2886825624062127,0.5140872382431202,-1.5558126811492532,-2.249810207104061,0,100
-2.0567487004631126,1.2370116057629814,-0.4287584965338501,-2.2709684912783046,0,100
-1.2068657287410105,0.08380063990714544,-0.20969340533884012,0.3816888739551279,0,100
-0.23248201609055139,-0.6901741031172609,-0.3537521618186911,0.8461805333930521,0,100
0.3102553469071559,0.008450285662437041,-1.0984428609558572,0.6061595151101504,0,100
0.3707368196569361,0.26831371377240576,-1.265133897196468,-0.11080385110702792,0,100
-0.11427304308047292,0.23310597146610465,-1.1260239979609377,-0.7935432118022726,0,100
-2.3312632659211054,1.1669364569870762,-0.38172930003517935,-1.1728535426350724,0,100
-1.5952464644372062,0.18239593179825664,-0.13012495140453686,0.2604326708329185,0,100
-1.0696260996818185,-0.38171071752696534,-0.11524364272320643,0.7815083143340976,0,100
-0.5123703586369952,-0.3475546129560578,-0.5414636834157346,0.5763128700618109,0,100
-0.24256932301676987,0.014423179596468825,-0.903591738570681,0.18768183418016202,0,100
-0.7106563778797074,-0.13416744670542674,-0.4966182830712024,0.17151498159066061,0,100
-0.920240745797218,-0.04402950035623519,-0.3212101254271892,-0.23203120202354516,0,100
-0.5671320423701588,-0.5574261100136091,0.34550260885166784,0.8928153151934639,0,100
-1.7456557311704601,-1.3042760868532672,2.1894787760779635,0.32074820683235816,0,100
-1.006108195725686,0.3218315240930038,-0.42478922123353885,-0.048002216717114556,0,100
-0.011804082067973032,-0.08556748922509995,-0.6674731215229917,0.3058268077885679,0,100
-0.6455143363015728,-1.1451180328219308,1.1683745997849304,0.7392254068922517,0,100
-1.4134489727917778,-1.7416246538007039,2.5383072116006535,-0.041750905483815416,0,100
-1.0526785766696207,-0.42713534165090944,0.2899466494266573,1.1496047545545482,0,100
